ghsa,cve,published,ecosystem,package,cwes,severity,hits,summary,path
GHSA-3m6r-39p3-jq25,CVE-2016-6582,2017-10-24,RubyGems,doorkeeper,CWE-1254,CRITICAL,revoke,Doorkeeper is vulnerable to replay attacks,adb/advisories/github-reviewed/2017/10/GHSA-3m6r-39p3-jq25/GHSA-3m6r-39p3-jq25.json
GHSA-hxxf-q3w9-4xgw,,2018-07-12,npm,"eslint-config-eslint,eslint-scope",CWE-506,CRITICAL,revoke,Malicious Package in eslint-scope,adb/advisories/github-reviewed/2018/07/GHSA-hxxf-q3w9-4xgw/GHSA-hxxf-q3w9-4xgw.json
GHSA-m5h6-hr3q-22h5,CVE-2016-3956,2018-07-31,npm,npm,CWE-200,HIGH,revoke,npm Token Leak in npm,adb/advisories/github-reviewed/2018/07/GHSA-m5h6-hr3q-22h5/GHSA-m5h6-hr3q-22h5.json
GHSA-5p9f-55j8-922m,,2018-08-13,RubyGems,doorkeeper,,MODERATE,revoke,Moderate severity vulnerability that affects doorkeeper,adb/advisories/github-reviewed/2018/08/GHSA-5p9f-55j8-922m/GHSA-5p9f-55j8-922m.json
GHSA-694m-jhr9-pf77,CVE-2018-1000211,2018-08-13,RubyGems,doorkeeper,CWE-732,HIGH,revoke,Doorkeeper subject to Incorrect Permission Assignment,adb/advisories/github-reviewed/2018/08/GHSA-694m-jhr9-pf77/GHSA-694m-jhr9-pf77.json
GHSA-hfmf-q43v-2ffj,CVE-2019-9154,2019-08-23,npm,openpgp,CWE-347,HIGH,revoke,Improper Key Verification in openpgp,adb/advisories/github-reviewed/2019/08/GHSA-hfmf-q43v-2ffj/GHSA-hfmf-q43v-2ffj.json
GHSA-6r58-4xgr-gm6m,CVE-2019-12617,2019-11-12,Packagist,silverstripe/framework,,LOW,cache_perm,SilverStripe Priviledge escalation through cache pollution,adb/advisories/github-reviewed/2019/11/GHSA-6r58-4xgr-gm6m/GHSA-6r58-4xgr-gm6m.json
GHSA-2wx6-wc87-rmjm,CVE-2020-5262,2020-03-19,PyPI,easybuild-framework,CWE-532,CRITICAL,revoke,GitHub personal access token leaking into temporary EasyBuild (debug) logs,adb/advisories/github-reviewed/2020/03/GHSA-2wx6-wc87-rmjm/GHSA-2wx6-wc87-rmjm.json
GHSA-qfcv-5whw-7pcw,CVE-2020-11059,2020-05-27,npm,aegir,CWE-200,CRITICAL,revoke,Exposure of Sensitive Information to an Unauthorized Actor in AEgir,adb/advisories/github-reviewed/2020/05/GHSA-qfcv-5whw-7pcw/GHSA-qfcv-5whw-7pcw.json
GHSA-wpfc-3w63-g4hm,,2020-09-01,npm,axois,CWE-506,CRITICAL,revoke,Malicious Package in axois,adb/advisories/github-reviewed/2020/09/GHSA-wpfc-3w63-g4hm/GHSA-wpfc-3w63-g4hm.json
GHSA-m852-866j-69j8,,2020-09-01,npm,eslint-config-airbnb-standard,CWE-506,CRITICAL,revoke,Malicious Package in eslint-config-airbnb-standard,adb/advisories/github-reviewed/2020/09/GHSA-m852-866j-69j8/GHSA-m852-866j-69j8.json
GHSA-x6gq-467r-hwcc,,2020-09-01,npm,soket.js,CWE-506,CRITICAL,revoke,Malicious Package in soket.js,adb/advisories/github-reviewed/2020/09/GHSA-x6gq-467r-hwcc/GHSA-x6gq-467r-hwcc.json
GHSA-wp2p-q35g-3rjj,,2020-09-01,npm,soket.io,CWE-506,CRITICAL,revoke,Malicious Package in soket.io,adb/advisories/github-reviewed/2020/09/GHSA-wp2p-q35g-3rjj/GHSA-wp2p-q35g-3rjj.json
GHSA-pv55-r6j3-wp94,,2020-09-01,npm,eslint-config-eslint,,CRITICAL,revoke,Malicious Package in eslint-config-eslint,adb/advisories/github-reviewed/2020/09/GHSA-pv55-r6j3-wp94/GHSA-pv55-r6j3-wp94.json
GHSA-5x7p-gm79-383m,,2020-09-01,npm,regenraotr,CWE-506,CRITICAL,revoke,Malicious Package in regenraotr,adb/advisories/github-reviewed/2020/09/GHSA-5x7p-gm79-383m/GHSA-5x7p-gm79-383m.json
GHSA-j3qq-qvc8-c6g7,,2020-09-01,npm,foever,CWE-506,CRITICAL,revoke,Malicious Package in foever,adb/advisories/github-reviewed/2020/09/GHSA-j3qq-qvc8-c6g7/GHSA-j3qq-qvc8-c6g7.json
GHSA-m5p4-7wf9-6w99,,2020-09-01,npm,regenrator,CWE-506,CRITICAL,revoke,Malicious Package in regenrator,adb/advisories/github-reviewed/2020/09/GHSA-m5p4-7wf9-6w99/GHSA-m5p4-7wf9-6w99.json
GHSA-9hc2-w9gg-q6jw,,2020-09-01,npm,boogeyman,CWE-506,CRITICAL,revoke,Malicious Package in boogeyman,adb/advisories/github-reviewed/2020/09/GHSA-9hc2-w9gg-q6jw/GHSA-9hc2-w9gg-q6jw.json
GHSA-hx78-272p-mqqh,,2020-09-03,npm,graphql-shield,CWE-285,LOW,cache_perm,Authorization Bypass in graphql-shield,adb/advisories/github-reviewed/2020/09/GHSA-hx78-272p-mqqh/GHSA-hx78-272p-mqqh.json
GHSA-5p98-wpc9-g498,,2020-09-04,npm,html-pdf-chrome,CWE-918,HIGH,revoke,Server-Side Request Forgery in html-pdf-chrome,adb/advisories/github-reviewed/2020/09/GHSA-5p98-wpc9-g498/GHSA-5p98-wpc9-g498.json
GHSA-36rh-ggpr-j3gj,,2020-09-14,npm,renovate,,MODERATE,revoke,Renovate vulnerable to Azure DevOps token leakage in logs,adb/advisories/github-reviewed/2020/09/GHSA-36rh-ggpr-j3gj/GHSA-36rh-ggpr-j3gj.json
GHSA-6x98-fx9j-7c78,CVE-2017-1000489,2021-01-19,Packagist,mautic/core,CWE-287,HIGH,deactivated_user,Disabled users able to log in with third party SSO plugin,adb/advisories/github-reviewed/2021/01/GHSA-6x98-fx9j-7c78/GHSA-6x98-fx9j-7c78.json
GHSA-w736-hf9p-qqh3,,2021-02-08,Maven,com.amazonaws:aws-dynamodb-encryption-java,CWE-862,LOW,revoke,Key Caching behavior in the DynamoDB Encryption Client.,adb/advisories/github-reviewed/2021/02/GHSA-w736-hf9p-qqh3/GHSA-w736-hf9p-qqh3.json
GHSA-4ph2-8337-hm62,,2021-02-08,PyPI,dynamodb-encryption-sdk,CWE-862,LOW,revoke,Key Caching behavior in the DynamoDB Encryption Client.,adb/advisories/github-reviewed/2021/02/GHSA-4ph2-8337-hm62/GHSA-4ph2-8337-hm62.json
GHSA-7ggw-h8pp-r95r,CVE-2021-3311,2021-02-10,Packagist,october/rain,CWE-613,CRITICAL,session_not_invalidated,October CMS Session ID not invalidated after logout,adb/advisories/github-reviewed/2021/02/GHSA-7ggw-h8pp-r95r/GHSA-7ggw-h8pp-r95r.json
GHSA-prmc-5v5w-c465,,2021-04-06,npm,nats,CWE-522,CRITICAL,revoke,Client TLS credentials sent raw to server in npm package nats,adb/advisories/github-reviewed/2021/04/GHSA-prmc-5v5w-c465/GHSA-prmc-5v5w-c465.json
GHSA-6hgr-2g6q-3rmc,,2021-04-22,Maven,com.vaadin:flow-client,CWE-287,MODERATE,session_not_invalidated,Server session is not invalidated when logout() helper method of Authentication module is used in Vaadin 18-19,adb/advisories/github-reviewed/2021/04/GHSA-6hgr-2g6q-3rmc/GHSA-6hgr-2g6q-3rmc.json
GHSA-mr8h-j9cv-4m8h,CVE-2021-31408,2021-04-22,Maven,com.vaadin:vaadin-bom,"CWE-287,CWE-613",MODERATE,session_not_invalidated,Server session is not invalidated when logout() helper method of Authentication module is used in Vaadin 18-19,adb/advisories/github-reviewed/2021/04/GHSA-mr8h-j9cv-4m8h/GHSA-mr8h-j9cv-4m8h.json
GHSA-7mqr-2v3q-v2wm,CVE-2020-15223,2021-05-24,Go,github.com/ory/fosite,"CWE-754,CWE-755",HIGH,"revoke,token_after",Ory fosite contains Improper Handling of Exceptional Conditions ,adb/advisories/github-reviewed/2021/05/GHSA-7mqr-2v3q-v2wm/GHSA-7mqr-2v3q-v2wm.json
GHSA-pw59-4qgf-jxr8,CVE-2020-17522,2021-06-18,Go,github.com/apache/trafficcontrol,"CWE-525,CWE-732",MODERATE,cache_perm,Cache Manipulation Attack in Apache Traffic Control,adb/advisories/github-reviewed/2021/06/GHSA-pw59-4qgf-jxr8/GHSA-pw59-4qgf-jxr8.json
GHSA-m6cp-vxjx-65j6,CVE-2021-34428,2021-06-23,Maven,org.eclipse.jetty:jetty-server,CWE-613,LOW,session_not_invalidated,SessionListener can prevent a session from being invalidated breaking logout,adb/advisories/github-reviewed/2021/06/GHSA-m6cp-vxjx-65j6/GHSA-m6cp-vxjx-65j6.json
GHSA-9vh5-r4qw-v3vv,CVE-2020-7220,2021-07-28,Go,github.com/hashicorp/vault,CWE-404,HIGH,revoke,Improper Resource Shutdown or Release in HashiCorp Vault,adb/advisories/github-reviewed/2021/07/GHSA-9vh5-r4qw-v3vv/GHSA-9vh5-r4qw-v3vv.json
GHSA-fg47-3c2x-m2wr,CVE-2021-39167,2021-08-30,npm,@openzeppelin/contracts,CWE-269,CRITICAL,revoke,TimelockController vulnerability in OpenZeppelin Contracts ,adb/advisories/github-reviewed/2021/08/GHSA-fg47-3c2x-m2wr/GHSA-fg47-3c2x-m2wr.json
GHSA-vrw4-w73r-6mm8,CVE-2021-39168,2021-08-30,npm,@openzeppelin/contracts-upgradeable,CWE-269,CRITICAL,revoke,TimelockController vulnerability in OpenZeppelin Contracts,adb/advisories/github-reviewed/2021/08/GHSA-vrw4-w73r-6mm8/GHSA-vrw4-w73r-6mm8.json
GHSA-r56q-vv3c-6g9c,CVE-2021-41150,2021-10-19,crates.io,tough,CWE-22,HIGH,cache_perm,Improper sanitization of delegated role names,adb/advisories/github-reviewed/2021/10/GHSA-r56q-vv3c-6g9c/GHSA-r56q-vv3c-6g9c.json
GHSA-jcjx-c3j3-44pr,,2021-11-10,npm,@cyyynthia/tokenize,CWE-613,HIGH,token_after,Insufficient Session Expiration in @cyyynthia/tokenize,adb/advisories/github-reviewed/2021/11/GHSA-jcjx-c3j3-44pr/GHSA-jcjx-c3j3-44pr.json
GHSA-gp2f-254m-rh32,CVE-2021-41251,2021-11-10,npm,@sap-cloud-sdk/core,CWE-200,MODERATE,cache_perm,Unauthorized access to data in @sap-cloud-sdk/core,adb/advisories/github-reviewed/2021/11/GHSA-gp2f-254m-rh32/GHSA-gp2f-254m-rh32.json
GHSA-86fh-j58m-7pf5,CVE-2021-36372,2021-11-23,Maven,org.apache.ozone:ozone-main,CWE-273,CRITICAL,"revoke,even_after",Improper Privilege Management in Apache Ozone,adb/advisories/github-reviewed/2021/11/GHSA-86fh-j58m-7pf5/GHSA-86fh-j58m-7pf5.json
GHSA-qw36-p97w-vcqr,CVE-2021-41268,2021-11-24,Packagist,"symfony/security-bundle,symfony/symfony",CWE-384,MODERATE,retain_access,Cookie persistence after password changes in symfony/security-bundle,adb/advisories/github-reviewed/2021/11/GHSA-qw36-p97w-vcqr/GHSA-qw36-p97w-vcqr.json
GHSA-h3fg-h5v3-vf8m,CVE-2021-43846,2022-01-06,RubyGems,solidus_frontend,CWE-352,MODERATE,stale,CSRF forgery protection bypass in solidus_frontend,adb/advisories/github-reviewed/2022/01/GHSA-h3fg-h5v3-vf8m/GHSA-h3fg-h5v3-vf8m.json
GHSA-gh88-3pxp-6fm8,CVE-2021-23567,2022-01-21,npm,colors,CWE-835,HIGH,revoke,Infinite Loop in colors.js,adb/advisories/github-reviewed/2022/01/GHSA-gh88-3pxp-6fm8/GHSA-gh88-3pxp-6fm8.json
GHSA-w9m4-7w72-r766,CVE-2022-21691,2022-01-21,PyPI,onionshare-cli,CWE-306,MODERATE,still_able,Improper Access Control in Onionshare,adb/advisories/github-reviewed/2022/01/GHSA-w9m4-7w72-r766/GHSA-w9m4-7w72-r766.json
GHSA-7v3x-h7r2-34jv,,2022-01-21,Packagist,pterodactyl/panel,CWE-613,MODERATE,"revoke,session_not_invalidated",Insufficient Session Expiration in Pterodactyl API,adb/advisories/github-reviewed/2022/01/GHSA-7v3x-h7r2-34jv/GHSA-7v3x-h7r2-34jv.json
GHSA-cvp7-c586-cmf4,CVE-2022-0329,2022-01-28,PyPI,loguru,CWE-94,LOW,revoke,Withdrawn: Code Injection in loguru,adb/advisories/github-reviewed/2022/01/GHSA-cvp7-c586-cmf4/GHSA-cvp7-c586-cmf4.json
GHSA-p225-pc2x-4jpm,CVE-2020-1725,2022-02-09,Maven,org.keycloak:keycloak-parent,"CWE-668,CWE-863",MODERATE,retain_access,Incorrect Authorization in keycloak,adb/advisories/github-reviewed/2022/02/GHSA-p225-pc2x-4jpm/GHSA-p225-pc2x-4jpm.json
GHSA-2575-pghm-6qqx,CVE-2019-11244,2022-02-15,Go,k8s.io/client-go,"CWE-524,CWE-732",MODERATE,cache_perm,Kubernetes Unsafe Cacheing ,adb/advisories/github-reviewed/2022/02/GHSA-2575-pghm-6qqx/GHSA-2575-pghm-6qqx.json
GHSA-x8xx-x82q-42q3,CVE-2022-25336,2022-02-19,Packagist,ezsystems/ezplatform-kernel,CWE-668,MODERATE,removed_access,Exposure of Resource to Wrong Sphere in ezsystems/ezplatform-kernel,adb/advisories/github-reviewed/2022/02/GHSA-x8xx-x82q-42q3/GHSA-x8xx-x82q-42q3.json
GHSA-xwv6-v7qx-f5jc,CVE-2022-25337,2022-02-19,Packagist,ezsystems/ezpublish-kernel,CWE-74,CRITICAL,removed_access,Code injection in ezsystems/ezpublish-kernel,adb/advisories/github-reviewed/2022/02/GHSA-xwv6-v7qx-f5jc/GHSA-xwv6-v7qx-f5jc.json
GHSA-mcg6-h362-cmq5,CVE-2022-0860,2022-03-11,PyPI,cobbler,"CWE-285,CWE-863",MODERATE,still_able,Improper Authorization in cobbler,adb/advisories/github-reviewed/2022/03/GHSA-mcg6-h362-cmq5/GHSA-mcg6-h362-cmq5.json
GHSA-mf79-f657-47ww,CVE-2022-0991,2022-03-20,Packagist,admidio/admidio,CWE-613,HIGH,"retain_access,session_not_invalidated",Insufficient Session Expiration in Admidio,adb/advisories/github-reviewed/2022/03/GHSA-mf79-f657-47ww/GHSA-mf79-f657-47ww.json
GHSA-636j-7x7r-gvw2,CVE-2022-1155,2022-03-31,Packagist,snipe/snipe-it,CWE-613,HIGH,"revoke,session_not_invalidated",Old sessions not blocked by login enable function in Snipe-IT,adb/advisories/github-reviewed/2022/03/GHSA-636j-7x7r-gvw2/GHSA-636j-7x7r-gvw2.json
GHSA-86r3-4gq8-xw8q,CVE-2021-43503,2022-04-09,Packagist,laravel/laravel,CWE-502,CRITICAL,revoke,Remote Code Execution in Laravel,adb/advisories/github-reviewed/2022/04/GHSA-86r3-4gq8-xw8q/GHSA-86r3-4gq8-xw8q.json
GHSA-6r7x-4q7g-h83j,CVE-2019-6287,2022-05-13,Go,github.com/rancher/rancher,CWE-269,HIGH,"after_removed,removed_access",Rancher Project Members Have Continued Access to Namespaces After Being Removed From Them,adb/advisories/github-reviewed/2022/05/GHSA-6r7x-4q7g-h83j/GHSA-6r7x-4q7g-h83j.json
GHSA-622h-cjgg-5mx6,CVE-2015-3181,2022-05-13,Packagist,moodle/moodle,,MODERATE,revoke,Moodle allows attackers to bypass file-management restrictions,adb/advisories/github-reviewed/2022/05/GHSA-622h-cjgg-5mx6/GHSA-622h-cjgg-5mx6.json
GHSA-8c4w-v65p-jvcv,CVE-2015-7546,2022-05-13,PyPI,"keystone,keystonemiddleware",CWE-522,HIGH,revoke,OpenStack Identity Keystone and keystonemiddleware Insufficiently Protected Credentials,adb/advisories/github-reviewed/2022/05/GHSA-8c4w-v65p-jvcv/GHSA-8c4w-v65p-jvcv.json
GHSA-x9rg-q5fx-fx66,CVE-2017-12197,2022-05-13,Maven,org.kohsuke:libpam4j,CWE-20,MODERATE,deactivated_user,Improper Input Validation in libpam4j,adb/advisories/github-reviewed/2022/05/GHSA-x9rg-q5fx-fx66/GHSA-x9rg-q5fx-fx66.json
GHSA-qc72-gfvw-76h7,CVE-2017-12160,2022-05-13,Maven,org.keycloak:keycloak-parent,CWE-287,HIGH,revoke,Keycloak Oauth Implementation Error,adb/advisories/github-reviewed/2022/05/GHSA-qc72-gfvw-76h7/GHSA-qc72-gfvw-76h7.json
GHSA-j4p3-2m2h-cv5f,CVE-2017-8031,2022-05-13,Maven,org.cloudfoundry.identity:cloudfoundry-identity-server,,MODERATE,revoke,Cloud Foundry UAA Denial of Service through client token revocation endpoint,adb/advisories/github-reviewed/2022/05/GHSA-j4p3-2m2h-cv5f/GHSA-j4p3-2m2h-cv5f.json
GHSA-hr74-2j5v-ghfv,CVE-2018-1000142,2022-05-14,Maven,org.jenkins-ci.plugins:ghprb,CWE-200,MODERATE,revoke,Jenkins GitHub Pull Request Builder Plugin allows attacker with local file system access to obtain GitHub credentials,adb/advisories/github-reviewed/2022/05/GHSA-hr74-2j5v-ghfv/GHSA-hr74-2j5v-ghfv.json
GHSA-vvmq-fwmg-2gjc,CVE-2022-24817,2022-05-16,Go,"github.com/fluxcd/flux2,github.com/fluxcd/helm-controller,github.com/fluxcd/kustomize-controller",CWE-94,CRITICAL,no_longer,Improper kubeconfig validation allows arbitrary code execution,adb/advisories/github-reviewed/2022/05/GHSA-vvmq-fwmg-2gjc/GHSA-vvmq-fwmg-2gjc.json
GHSA-f82m-w3p3-cgp3,CVE-2016-4911,2022-05-17,PyPI,keystone,CWE-284,MODERATE,revoke,OpenStack Identity Keystone Improper Access Control ,adb/advisories/github-reviewed/2022/05/GHSA-f82m-w3p3-cgp3/GHSA-f82m-w3p3-cgp3.json
GHSA-23x9-8hxr-978c,CVE-2014-2237,2022-05-17,PyPI,keystone,"CWE-1270,CWE-287",HIGH,revoke,OpenStack Identity (Keystone) Trustee token revocations does not work with memcache backend,adb/advisories/github-reviewed/2022/05/GHSA-23x9-8hxr-978c/GHSA-23x9-8hxr-978c.json
GHSA-qvpr-qm6w-6rcc,CVE-2012-5571,2022-05-17,PyPI,Keystone,CWE-639,MODERATE,removed_member,OpenStack Keystone intended authorization restrictions bypass,adb/advisories/github-reviewed/2022/05/GHSA-qvpr-qm6w-6rcc/GHSA-qvpr-qm6w-6rcc.json
GHSA-fv3c-6cw7-2qcq,CVE-2017-1000093,2022-05-17,Maven,org.jenkins-ci.plugins:pollscm,CWE-352,HIGH,cache_perm,Jenkins Poll SCM Plugin vulnerable to Cross-Site Request Forgery,adb/advisories/github-reviewed/2022/05/GHSA-fv3c-6cw7-2qcq/GHSA-fv3c-6cw7-2qcq.json
GHSA-mrxv-65rv-6hxq,CVE-2012-4413,2022-05-17,PyPI,keystone,,MODERATE,revoke,OpenStack Keystone does not invalidate existing tokens when granting or revoking roles,adb/advisories/github-reviewed/2022/05/GHSA-mrxv-65rv-6hxq/GHSA-mrxv-65rv-6hxq.json
GHSA-5qpp-v56f-mqfm,CVE-2013-4294,2022-05-17,PyPI,keystone,,MODERATE,revoke,OpenStack Identity (Keystone) allows remote attackers to bypass intended access restrictions via revoked PKI token,adb/advisories/github-reviewed/2022/05/GHSA-5qpp-v56f-mqfm/GHSA-5qpp-v56f-mqfm.json
GHSA-4rrr-j7ff-r844,CVE-2013-2104,2022-05-17,PyPI,python-keystoneclient,CWE-324,HIGH,revoke,python-keystoneclient missing expiration check in PKI token validation ,adb/advisories/github-reviewed/2022/05/GHSA-4rrr-j7ff-r844/GHSA-4rrr-j7ff-r844.json
GHSA-22q6-wwq7-2jj9,CVE-2013-1865,2022-05-17,PyPI,keystone,CWE-287,MODERATE,revoke,OpenStack Keystone Improper Authentication vulnerability,adb/advisories/github-reviewed/2022/05/GHSA-22q6-wwq7-2jj9/GHSA-22q6-wwq7-2jj9.json
GHSA-pw5c-xqf2-6xc2,CVE-2015-5723,2022-05-17,Packagist,"aws/aws-sdk-php,doctrine/annotations,doctrine/cache,doctrine/common,doctrine/mongodb-odm,doctrine/mongodb-odm-bundle,doc",,HIGH,cache_perm,Doctrine Security Misconfiguration Vulnerability,adb/advisories/github-reviewed/2022/05/GHSA-pw5c-xqf2-6xc2/GHSA-pw5c-xqf2-6xc2.json
GHSA-gmvp-5rf9-mxcm,CVE-2014-5251,2022-05-17,PyPI,keystone,CWE-613,HIGH,"revoke,retain_access",OpenStack Identity (Keystone) Multiple vulnerabilities in revocation events,adb/advisories/github-reviewed/2022/05/GHSA-gmvp-5rf9-mxcm/GHSA-gmvp-5rf9-mxcm.json
GHSA-77w8-qv8m-386h,CVE-2014-5253,2022-05-17,PyPI,keystone,CWE-613,HIGH,"revoke,retain_access",OpenStack Keystone Domain-scoped tokens don't get revoked,adb/advisories/github-reviewed/2022/05/GHSA-77w8-qv8m-386h/GHSA-77w8-qv8m-386h.json
GHSA-v8fq-gq9j-3v7h,CVE-2014-5252,2022-05-17,PyPI,keystone,CWE-613,HIGH,"revoke,retain_access",OpenStack Identity (Keystone) UUID v2 tokens does not expire with revocation events,adb/advisories/github-reviewed/2022/05/GHSA-v8fq-gq9j-3v7h/GHSA-v8fq-gq9j-3v7h.json
GHSA-hj89-qmx9-8qmh,CVE-2013-2059,2022-05-17,PyPI,keystone,CWE-287,MODERATE,"revoke,retain_access",OpenStack Identity (Keystone) improper revoking of the authentication token when deleting a user ,adb/advisories/github-reviewed/2022/05/GHSA-hj89-qmx9-8qmh/GHSA-hj89-qmx9-8qmh.json
GHSA-vxc6-wvh8-fpxw,CVE-2014-2062,2022-05-17,Maven,org.jenkins-ci.main:jenkins-core,CWE-287,MODERATE,retain_access,Jenkins does not invalidate the API token when a user is deleted,adb/advisories/github-reviewed/2022/05/GHSA-vxc6-wvh8-fpxw/GHSA-vxc6-wvh8-fpxw.json
GHSA-6prw-8xhm-h247,CVE-2015-8034,2022-05-17,PyPI,salt,CWE-200,LOW,cache_perm,Salt uses weak permissions on the cache data,adb/advisories/github-reviewed/2022/05/GHSA-6prw-8xhm-h247/GHSA-6prw-8xhm-h247.json
GHSA-f6fm-r26q-p747,CVE-2022-30617,2022-05-20,npm,"@strapi/strapi,strapi",CWE-212,HIGH,revoke,Improper Removal of Sensitive Information Before Storage or Transfer in Strapi,adb/advisories/github-reviewed/2022/05/GHSA-f6fm-r26q-p747/GHSA-f6fm-r26q-p747.json
GHSA-vgj7-895j-gpr6,CVE-2022-30618,2022-05-20,npm,"@strapi/strapi,strapi",CWE-212,HIGH,revoke,Improper Removal of Sensitive Information Before Storage or Transfer in Strapi,adb/advisories/github-reviewed/2022/05/GHSA-vgj7-895j-gpr6/GHSA-vgj7-895j-gpr6.json
GHSA-pgj6-jmj5-wqfx,CVE-2021-21694,2022-05-24,Maven,org.jenkins-ci.main:jenkins-core,CWE-862,CRITICAL,no_longer,Multiple vulnerabilities allow bypassing path filtering of agent-to-controller access control in Jenkins,adb/advisories/github-reviewed/2022/05/GHSA-pgj6-jmj5-wqfx/GHSA-pgj6-jmj5-wqfx.json
GHSA-xpv7-93cm-4mxv,CVE-2020-15005,2022-05-24,Packagist,mediawiki/core,CWE-200,MODERATE,cache_perm,img_auth.php may leak private extension images into the public cache,adb/advisories/github-reviewed/2022/05/GHSA-xpv7-93cm-4mxv/GHSA-xpv7-93cm-4mxv.json
GHSA-25g4-p347-x748,CVE-2020-2286,2022-05-24,Maven,org.jenkins-ci.plugins:role-strategy,CWE-863,HIGH,cache_perm,Improper authorization due to caching in Jenkins Role-based Authorization Strategy Plugin,adb/advisories/github-reviewed/2022/05/GHSA-25g4-p347-x748/GHSA-25g4-p347-x748.json
GHSA-h564-6gc2-fcc6,CVE-2017-18878,2022-05-24,Go,github.com/mattermost/mattermost-server,"CWE-284,CWE-639,CWE-732",MODERATE,revoke,Mattermost Server allows users with a session ID to revoke another users' session,adb/advisories/github-reviewed/2022/05/GHSA-h564-6gc2-fcc6/GHSA-h564-6gc2-fcc6.json
GHSA-qp4f-2w67-c8hw,CVE-2020-2099,2022-05-24,Maven,org.jenkins-ci.main:jenkins-core,"CWE-323,CWE-330",HIGH,removed_access,Inbound TCP Agent Protocol/3 authentication bypass in Jenkins,adb/advisories/github-reviewed/2022/05/GHSA-qp4f-2w67-c8hw/GHSA-qp4f-2w67-c8hw.json
GHSA-438x-2p9v-g8h9,CVE-2021-25970,2022-05-24,RubyGems,camaleon_cms,CWE-613,HIGH,"retain_access,even_after",Camaleon CMS Insufficient Session Expiration vulnerability,adb/advisories/github-reviewed/2022/05/GHSA-438x-2p9v-g8h9/GHSA-438x-2p9v-g8h9.json
GHSA-g9m2-c2x5-fr2v,CVE-2019-14879,2022-05-24,Packagist,moodle/moodle,CWE-273,MODERATE,revoke,Moodle does not revoke role capabilities correctly,adb/advisories/github-reviewed/2022/05/GHSA-g9m2-c2x5-fr2v/GHSA-g9m2-c2x5-fr2v.json
GHSA-8mwx-wpp4-5xh4,CVE-2019-8149,2022-05-24,Packagist,magento/community-edition,CWE-287,CRITICAL,session_not_invalidated,Magento Broken authentication and session managememt,adb/advisories/github-reviewed/2022/05/GHSA-8mwx-wpp4-5xh4/GHSA-8mwx-wpp4-5xh4.json
GHSA-vcr8-h8qp-qj8h,CVE-2019-10384,2022-05-24,Maven,org.jenkins-ci.main:jenkins-core,CWE-352,HIGH,session_not_invalidated,Cross-Site Request Forgery in Jenkins,adb/advisories/github-reviewed/2022/05/GHSA-vcr8-h8qp-qj8h/GHSA-vcr8-h8qp-qj8h.json
GHSA-77p4-wfr8-977w,CVE-2019-19848,2022-05-24,Packagist,"typo3/cms,typo3/cms-core",CWE-22,MODERATE,retain_access,TYPO3 Directory Traversal on ZIP extraction,adb/advisories/github-reviewed/2022/05/GHSA-77p4-wfr8-977w/GHSA-77p4-wfr8-977w.json
GHSA-hj9c-8jmm-8c52,CVE-2022-29244,2022-06-02,npm,npm,CWE-200,HIGH,revoke,Packing does not respect root-level ignore files in workspaces,adb/advisories/github-reviewed/2022/06/GHSA-hj9c-8jmm-8c52/GHSA-hj9c-8jmm-8c52.json
GHSA-r7v4-jwx9-wx43,CVE-2022-31027,2022-06-06,PyPI,oauthenticator,CWE-639,MODERATE,revoke,Authorization Bypass Through User-Controlled Key when using CILogonOAuthenticator oauthenticator,adb/advisories/github-reviewed/2022/06/GHSA-r7v4-jwx9-wx43/GHSA-r7v4-jwx9-wx43.json
GHSA-vv7q-mfpc-qgm5,CVE-2022-31279,2022-06-08,Packagist,laravel/laravel,CWE-502,CRITICAL,revoke,Unserialized Pop Chain in Laravel,adb/advisories/github-reviewed/2022/06/GHSA-vv7q-mfpc-qgm5/GHSA-vv7q-mfpc-qgm5.json
GHSA-wwjw-r3gj-39fq,CVE-2022-31050,2022-06-17,Packagist,"typo3/cms,typo3/cms-core",CWE-613,MODERATE,revoke,Insufficient Session Expiration in TYPO3's Admin Tool,adb/advisories/github-reviewed/2022/06/GHSA-wwjw-r3gj-39fq/GHSA-wwjw-r3gj-39fq.json
GHSA-c7q8-m4xw-c674,CVE-2022-24444,2022-06-29,Packagist,silverstripe/hybridsessions,CWE-384,MODERATE,session_not_invalidated,Hybridsessions does not expire session id on logout,adb/advisories/github-reviewed/2022/06/GHSA-c7q8-m4xw-c674/GHSA-c7q8-m4xw-c674.json
GHSA-qwrj-9hmp-gpxh,CVE-2022-31145,2022-07-15,Go,github.com/flyteorg/flyteadmin,"CWE-298,CWE-613",MODERATE,even_after,FlyteAdmin Insufficient AccessToken Expiration Check,adb/advisories/github-reviewed/2022/07/GHSA-qwrj-9hmp-gpxh/GHSA-qwrj-9hmp-gpxh.json
GHSA-vm6p-35rw-3fxc,CVE-2022-2713,2022-08-09,Packagist,aheinze/cockpit,CWE-613,CRITICAL,even_after,Cockpit before 2.2.0 vulnerable to Insufficient Session Expiration,adb/advisories/github-reviewed/2022/08/GHSA-vm6p-35rw-3fxc/GHSA-vm6p-35rw-3fxc.json
GHSA-cmxc-9ghj-jp87,CVE-2022-2997,2022-08-26,Packagist,snipe/snipe-it,CWE-384,MODERATE,session_not_invalidated,Insufficient Session Expiration in snipe/snipe-it ,adb/advisories/github-reviewed/2022/08/GHSA-cmxc-9ghj-jp87/GHSA-cmxc-9ghj-jp87.json
GHSA-xx9w-464f-7h6f,CVE-2022-31667,2022-09-16,Go,github.com/goharbor/harbor,"CWE-285,CWE-863",MODERATE,revoke, Harbor fails to validate the user permissions when updating a robot account,adb/advisories/github-reviewed/2022/09/GHSA-xx9w-464f-7h6f/GHSA-xx9w-464f-7h6f.json
GHSA-933x-5g7r-773q,CVE-2022-41236,2022-09-22,Maven,org.jenkins-ci.plugins:security-inspector,CWE-352,MODERATE,cache_perm,CSRF vulnerability in Jenkins Security Inspector plugin,adb/advisories/github-reviewed/2022/09/GHSA-933x-5g7r-773q/GHSA-933x-5g7r-773q.json
GHSA-j3q4-gmj4-mj95,CVE-2022-3269,2022-09-25,PyPI,rdiffweb,CWE-384,CRITICAL,session_not_invalidated,rdiffweb vulnerable to account access via session fixation,adb/advisories/github-reviewed/2022/09/GHSA-j3q4-gmj4-mj95/GHSA-j3q4-gmj4-mj95.json
GHSA-fv42-mx39-6fpw,CVE-2022-45379,2022-11-16,Maven,org.jenkins-ci.plugins:script-security,"CWE-326,CWE-328",HIGH,revoke,Whole-script approval in Jenkins Script Security Plugin vulnerable to SHA-1 collisions,adb/advisories/github-reviewed/2022/11/GHSA-fv42-mx39-6fpw/GHSA-fv42-mx39-6fpw.json
GHSA-6jqm-3c9g-pch7,CVE-2022-23510,2022-12-12,npm,@cubejs-backend/api-gateway,CWE-89,HIGH,revoke,@cubejs-backend/api-gateway row level security bypass,adb/advisories/github-reviewed/2022/12/GHSA-6jqm-3c9g-pch7/GHSA-6jqm-3c9g-pch7.json
GHSA-mgj2-q8wp-29rr,CVE-2022-23502,2022-12-13,Packagist,"typo3/cms,typo3/cms-core",CWE-613,MODERATE,"revoke,session_not_invalidated",TYPO3 CMS vulnerable to Insufficient Session Expiration after Password Reset,adb/advisories/github-reviewed/2022/12/GHSA-mgj2-q8wp-29rr/GHSA-mgj2-q8wp-29rr.json
GHSA-53mm-hx32-6475,CVE-2022-47406,2022-12-14,Packagist,"derhansen/fe_change_pwd,typo3/cms",CWE-613,CRITICAL,revoke,TYPO3 vulnerable to Insufficient Session Expiration,adb/advisories/github-reviewed/2022/12/GHSA-53mm-hx32-6475/GHSA-53mm-hx32-6475.json
GHSA-w57v-6xp4-rm2v,CVE-2022-4689,2022-12-23,Go,github.com/usememos/memos,CWE-284,HIGH,retain_access,usememos/memos vulnerable to account takeover due to improper access control,adb/advisories/github-reviewed/2022/12/GHSA-w57v-6xp4-rm2v/GHSA-w57v-6xp4-rm2v.json
GHSA-v436-q368-hvgg,CVE-2023-0091,2023-01-12,Maven,org.keycloak:keycloak-core,"CWE-284,CWE-863",MODERATE,revoke,Keycloak has lack of validation of access token on client registrations endpoint,adb/advisories/github-reviewed/2023/01/GHSA-v436-q368-hvgg/GHSA-v436-q368-hvgg.json
GHSA-7p8m-22h4-9pj7,CVE-2022-23538,2023-01-20,Go,github.com/sylabs/scs-library-client,"CWE-522,CWE-601",MODERATE,revoke,scs-library-client may leak user credentials to third-party service via HTTP redirect,adb/advisories/github-reviewed/2023/01/GHSA-7p8m-22h4-9pj7/GHSA-7p8m-22h4-9pj7.json
GHSA-c45c-39f6-6gw9,,2023-01-25,Go,github.com/rancher/rancher,CWE-287,HIGH,"revoke,retain_access,removed_access,token_after",Rancher generated tokens not revoked after modifications made to authentication provider,adb/advisories/github-reviewed/2023/01/GHSA-c45c-39f6-6gw9/GHSA-c45c-39f6-6gw9.json
GHSA-3jfq-742w-xg8j,CVE-2023-23947,2023-02-16,Go,github.com/argoproj/argo-cd,CWE-863,CRITICAL,revoke,Users with any cluster secret update access may update out-of-bounds cluster secrets,adb/advisories/github-reviewed/2023/02/GHSA-3jfq-742w-xg8j/GHSA-3jfq-742w-xg8j.json
GHSA-vvjv-97j8-94xh,CVE-2023-22738,2023-02-28,PyPI,vantage6,CWE-281,HIGH,retain_access,vantage6 vulnerable to Improper Preservation of Permissions,adb/advisories/github-reviewed/2023/02/GHSA-vvjv-97j8-94xh/GHSA-vvjv-97j8-94xh.json
GHSA-r47r-87p9-8jh3,CVE-2023-20859,2023-03-23,Maven,org.springframework.vault:spring-vault-core,CWE-532,MODERATE,revoke,Spring Vault vulnerable to insertion of sensitive information into a log file,adb/advisories/github-reviewed/2023/03/GHSA-r47r-87p9-8jh3/GHSA-r47r-87p9-8jh3.json
GHSA-x873-6rgc-94jc,CVE-2023-20862,2023-04-19,Maven,org.springframework.security:spring-security-core,CWE-459,MODERATE,even_after,Spring Security logout not clearing security context,adb/advisories/github-reviewed/2023/04/GHSA-x873-6rgc-94jc/GHSA-x873-6rgc-94jc.json
GHSA-g66v-3v62-g375,CVE-2023-2202,2023-04-21,Packagist,francoisjacquet/rosariosis,CWE-284,MODERATE,even_after,RosarioSIS improper access control vulnerability,adb/advisories/github-reviewed/2023/04/GHSA-g66v-3v62-g375/GHSA-g66v-3v62-g375.json
GHSA-2ccf-ffrj-m4qw,CVE-2023-29020,2023-04-21,npm,@fastify/passport,CWE-352,MODERATE,token_after,CSRF token fixation in fastify-passport,adb/advisories/github-reviewed/2023/04/GHSA-2ccf-ffrj-m4qw/GHSA-2ccf-ffrj-m4qw.json
GHSA-2hp9-3xfr-r9w2,CVE-2023-31287,2023-04-27,NuGet,"Serenity.Net.Core,Serenity.Net.Web",CWE-640,HIGH,token_after,Insufficient token expiration in Serenity,adb/advisories/github-reviewed/2023/04/GHSA-2hp9-3xfr-r9w2/GHSA-2hp9-3xfr-r9w2.json
GHSA-jjgp-whrp-gq8m,,2023-05-11,PyPI,in-toto,CWE-295,MODERATE,revoke,in-toto: PGP trust model not (fully) considered,adb/advisories/github-reviewed/2023/05/GHSA-jjgp-whrp-gq8m/GHSA-jjgp-whrp-gq8m.json
GHSA-8vhc-hwhc-cpj4,CVE-2020-10676,2023-06-06,Go,github.com/rancher/rancher,CWE-863,HIGH,retain_access,Rancher users retain access after moving namespaces into projects they don't have access to,adb/advisories/github-reviewed/2023/06/GHSA-8vhc-hwhc-cpj4/GHSA-8vhc-hwhc-cpj4.json
GHSA-42r6-p4px-qvv6,CVE-2018-17107,2023-06-12,NuGet,TGServiceInterface,,HIGH,cache_perm,tgstation-server cached user logins in legacy server,adb/advisories/github-reviewed/2023/06/GHSA-42r6-p4px-qvv6/GHSA-42r6-p4px-qvv6.json
GHSA-9mh8-9j64-443f,CVE-2022-41316,2023-07-06,Go,github.com/hashicorp/vault,CWE-295,MODERATE,revoke,HashiCorp Vault's revocation list not respected,adb/advisories/github-reviewed/2023/07/GHSA-9mh8-9j64-443f/GHSA-9mh8-9j64-443f.json
GHSA-9xg4-3qfm-9w8f,CVE-2023-34235,2023-07-25,npm,"@strapi/database,@strapi/utils",CWE-200,HIGH,still_able,Leaking sensitive user information still possible by filtering on private with prefix fields,adb/advisories/github-reviewed/2023/07/GHSA-9xg4-3qfm-9w8f/GHSA-9xg4-3qfm-9w8f.json
GHSA-jq6g-4v5m-wm9r,CVE-2023-38499,2023-07-25,Packagist,typo3/cms-core,CWE-200,LOW,still_able,Information Disclosure due to Out-of-scope Site Resolution,adb/advisories/github-reviewed/2023/07/GHSA-jq6g-4v5m-wm9r/GHSA-jq6g-4v5m-wm9r.json
GHSA-8www-cffh-4q98,,2023-07-28,npm,umami,,CRITICAL,cache_perm,Anyone with a share link can RESET all website data in Umami,adb/advisories/github-reviewed/2023/07/GHSA-8www-cffh-4q98/GHSA-8www-cffh-4q98.json
GHSA-36xx-7vf6-7mv3,CVE-2023-32302,2023-07-31,Packagist,silverstripe/framework,"CWE-20,CWE-862",LOW,no_longer,Silverstripe Framework: Members with no password can be created and bypass custom login forms,adb/advisories/github-reviewed/2023/07/GHSA-36xx-7vf6-7mv3/GHSA-36xx-7vf6-7mv3.json
GHSA-qq8m-9rpx-w2fm,CVE-2023-4190,2023-08-06,Packagist,admidio/admidio,CWE-613,MODERATE,even_after,Admidio Insufficient Session Expiration vulnerability,adb/advisories/github-reviewed/2023/08/GHSA-qq8m-9rpx-w2fm/GHSA-qq8m-9rpx-w2fm.json
GHSA-pm87-24wq-r8w9,CVE-2023-40273,2023-08-23,PyPI,apache-airflow,CWE-384,HIGH,session_not_invalidated,Apache Airflow Session Fixation vulnerability,adb/advisories/github-reviewed/2023/08/GHSA-pm87-24wq-r8w9/GHSA-pm87-24wq-r8w9.json
GHSA-c8xw-vjgf-94hr,CVE-2023-40025,2023-08-23,Go,github.com/argoproj/argo-cd/v2,CWE-613,HIGH,session_not_invalidated,Argo CD web terminal session doesn't expire,adb/advisories/github-reviewed/2023/08/GHSA-c8xw-vjgf-94hr/GHSA-c8xw-vjgf-94hr.json
GHSA-pwh8-58vv-vw48,CVE-2023-41900,2023-09-15,Maven,org.eclipse.jetty:jetty-openid,"CWE-1390,CWE-287",LOW,revoke,Jetty's OpenId Revoked authentication allows one request,adb/advisories/github-reviewed/2023/09/GHSA-pwh8-58vv-vw48/GHSA-pwh8-58vv-vw48.json
GHSA-g9v2-wqcj-j99g,CVE-2023-44400,2023-10-10,npm,uptime-kuma,CWE-384,HIGH,"even_after,token_after",Uptime Kuma has Persistentent User Sessions,adb/advisories/github-reviewed/2023/10/GHSA-g9v2-wqcj-j99g/GHSA-g9v2-wqcj-j99g.json
GHSA-fw9c-75hh-89p6,CVE-2023-4822,2023-10-16,Go,github.com/grafana/grafana,CWE-269,MODERATE,revoke,Grafana privilege escalation vulnerability,adb/advisories/github-reviewed/2023/10/GHSA-fw9c-75hh-89p6/GHSA-fw9c-75hh-89p6.json
GHSA-rcjc-c4pj-xxrp,CVE-2022-46337,2023-11-20,Maven,org.apache.derby:derby,"CWE-74,CWE-94",CRITICAL,revoke,Apache Derby: LDAP injection vulnerability in authenticator,adb/advisories/github-reviewed/2023/11/GHSA-rcjc-c4pj-xxrp/GHSA-rcjc-c4pj-xxrp.json
GHSA-xfv5-jqgp-vqhj,CVE-2023-6393,2023-12-06,Maven,io.quarkus:quarkus-cache,CWE-200,MODERATE,cache_perm,Quarkus Cache Runtime exposes sensitive information to an unauthorized actor,adb/advisories/github-reviewed/2023/12/GHSA-xfv5-jqgp-vqhj/GHSA-xfv5-jqgp-vqhj.json
GHSA-88j4-pcx8-q4q3,CVE-2023-49804,2023-12-12,npm,uptime-kuma,CWE-384,MODERATE,retain_access,Password Change Vulnerability,adb/advisories/github-reviewed/2023/12/GHSA-88j4-pcx8-q4q3/GHSA-88j4-pcx8-q4q3.json
GHSA-hwcc-4cv8-cf3h,CVE-2023-51662,2023-12-22,NuGet,Snowflake.Data,CWE-295,MODERATE,revoke,Snowflake Connector .NET does not properly check the Certificate Revocation List (CRL),adb/advisories/github-reviewed/2023/12/GHSA-hwcc-4cv8-cf3h/GHSA-hwcc-4cv8-cf3h.json
GHSA-r4w2-hjmr-36m7,CVE-2023-3629,2023-12-30,Maven,org.infinispan:infinispan-server-rest,CWE-304,HIGH,cache_perm, Infinispan REST Server's cache retrieval endpoints do not properly evaluate the necessary admin permissions,adb/advisories/github-reviewed/2023/12/GHSA-r4w2-hjmr-36m7/GHSA-r4w2-hjmr-36m7.json
GHSA-86rg-pf4c-5grg,CVE-2023-6944,2024-01-04,npm,@backstage/backend-app-api,"CWE-200,CWE-209",HIGH,revoke,@backstage/backend-app-api leaks GitLab access tokens,adb/advisories/github-reviewed/2024/01/GHSA-86rg-pf4c-5grg/GHSA-86rg-pf4c-5grg.json
GHSA-r78f-4q2q-hvv4,CVE-2024-21670,2024-01-16,crates.io,"anoncreds-clsignatures,ursa",CWE-327,MODERATE,revoke,CL-Signatures Revocation Scheme in Ursa has flaws that allow a holder to demonstrate non-revocation of a revoked credential,adb/advisories/github-reviewed/2024/01/GHSA-r78f-4q2q-hvv4/GHSA-r78f-4q2q-hvv4.json
GHSA-6698-mhxx-r84g,CVE-2024-22192,2024-01-16,crates.io,"anoncreds-clsignatures,ursa",CWE-327,MODERATE,revoke,Ursa CL-Signatures Revocation allows verifiers to generate unique identifiers for holders,adb/advisories/github-reviewed/2024/01/GHSA-6698-mhxx-r84g/GHSA-6698-mhxx-r84g.json
GHSA-3867-jc5c-66qf,CVE-2024-22407,2024-01-17,Packagist,"shopware/core,shopware/platform",CWE-284,MODERATE,still_able,Broken Access Control order API in Shopware,adb/advisories/github-reviewed/2024/01/GHSA-3867-jc5c-66qf/GHSA-3867-jc5c-66qf.json
GHSA-57wx-m636-g3g8,CVE-2024-23332,2024-01-19,Go,github.com/notaryproject/notation,CWE-672,MODERATE,revoke,Go package github.com/notaryproject/notation configured with permissive trust policies potentially susceptible to rollback attack from compromised registry,adb/advisories/github-reviewed/2024/01/GHSA-57wx-m636-g3g8/GHSA-57wx-m636-g3g8.json
GHSA-m979-w9wj-qfj9,CVE-2020-10660,2024-01-30,Go,github.com/hashicorp/vault,CWE-269,MODERATE,no_longer,HashiCorp Vault Improper Privilege Management,adb/advisories/github-reviewed/2024/01/GHSA-m979-w9wj-qfj9/GHSA-m979-w9wj-qfj9.json
GHSA-59qj-jcjv-662j,CVE-2024-24825,2024-02-08,PyPI,"DIRAC,dirac",CWE-200,CRITICAL,cache_perm,DIRAC's TokenManager does not check permissions on cached tokens,adb/advisories/github-reviewed/2024/02/GHSA-59qj-jcjv-662j/GHSA-59qj-jcjv-662j.json
GHSA-h3rw-77w7-92gf,CVE-2024-25718,2024-02-11,Hex,Samly,"CWE-400,CWE-613",CRITICAL,even_after,Samly access control vulnerability,adb/advisories/github-reviewed/2024/02/GHSA-h3rw-77w7-92gf/GHSA-h3rw-77w7-92gf.json
GHSA-gccq-h3xj-jgvf,CVE-2024-25108,2024-02-12,Packagist,pixelfed/pixelfed,"CWE-280,CWE-285,CWE-863",CRITICAL,revoke,"Pixelfed doesn't check OAuth Scopes in API routes, giving elevated permissions",adb/advisories/github-reviewed/2024/02/GHSA-gccq-h3xj-jgvf/GHSA-gccq-h3xj-jgvf.json
GHSA-5w2h-59j3-8x5w,CVE-2024-22188,2024-02-13,Packagist,typo3/cms-core,"CWE-77,CWE-94",HIGH,retain_access,TYPO3 Install Tool vulnerable to Code Execution,adb/advisories/github-reviewed/2024/02/GHSA-5w2h-59j3-8x5w/GHSA-5w2h-59j3-8x5w.json
GHSA-h47m-3f78-qp9g,CVE-2024-25119,2024-02-13,Packagist,typo3/cms-core,CWE-200,MODERATE,retain_access,TYPO3 Install Tool vulnerable to Information Disclosure of Encryption Key,adb/advisories/github-reviewed/2024/02/GHSA-h47m-3f78-qp9g/GHSA-h47m-3f78-qp9g.json
GHSA-6q4w-9x56-rmwq,CVE-2024-27933,2024-03-06,crates.io,deno,CWE-863,HIGH,cache_perm,Deno arbitrary file descriptor close via `op_node_ipc_pipe()` leading to permission prompt bypass,adb/advisories/github-reviewed/2024/03/GHSA-6q4w-9x56-rmwq/GHSA-6q4w-9x56-rmwq.json
GHSA-xp9j-8p68-9q93,CVE-2024-21848,2024-04-05,Go,github.com/mattermost/mattermost/server/v8,"CWE-273,CWE-284",LOW,removed_member,Mattermost Server Improper Access Control,adb/advisories/github-reviewed/2024/04/GHSA-xp9j-8p68-9q93/GHSA-xp9j-8p68-9q93.json
GHSA-w67v-ph4x-f48q,CVE-2024-29221,2024-04-05,Go,github.com/mattermost/mattermost/server/v8,CWE-284,MODERATE,removed_member,Mattermost Server Improper Access Control ,adb/advisories/github-reviewed/2024/04/GHSA-w67v-ph4x-f48q/GHSA-w67v-ph4x-f48q.json
GHSA-hp8h-7x69-4wmv,CVE-2024-31995,2024-04-10,npm,@digitalbazaar/zcap,CWE-613,MODERATE,revoke,zcap has incomplete expiration checks in capability chains.,adb/advisories/github-reviewed/2024/04/GHSA-hp8h-7x69-4wmv/GHSA-hp8h-7x69-4wmv.json
GHSA-28g7-896h-695v,CVE-2021-36775,2024-04-24,Go,github.com/rancher/rancher,CWE-284,HIGH,"revoke,no_longer",Rancher's Failure to delete orphaned role bindings does not revoke project level access from group based authentication,adb/advisories/github-reviewed/2024/04/GHSA-28g7-896h-695v/GHSA-28g7-896h-695v.json
GHSA-g65h-35f3-x2w3,CVE-2024-34709,2024-05-13,npm,directus,CWE-613,MODERATE,"session_not_invalidated,token_after",Directus Lacks Session Tokens Invalidation,adb/advisories/github-reviewed/2024/05/GHSA-g65h-35f3-x2w3/GHSA-g65h-35f3-x2w3.json
GHSA-2q2f-h83x-cx3x,CVE-2024-31556,2024-05-14,Packagist,reportico-web/reportico,"CWE-269,CWE-613",MODERATE,even_after,Reportico Web fails to invalidate cookies upon logout,adb/advisories/github-reviewed/2024/05/GHSA-2q2f-h83x-cx3x/GHSA-2q2f-h83x-cx3x.json
GHSA-pj27-2xvp-4qxg,CVE-2024-35220,2024-05-21,npm,@fastify/session,CWE-613,HIGH,session_not_invalidated,@fastify/session reuses destroyed session cookie,adb/advisories/github-reviewed/2024/05/GHSA-pj27-2xvp-4qxg/GHSA-pj27-2xvp-4qxg.json
GHSA-p5h2-vr99-xm99,,2024-05-27,Packagist,silverstripe/framework,CWE-287,MODERATE,revoke,silverstripe/framework ChangePasswordForm does not check `Member::canLogIn()`,adb/advisories/github-reviewed/2024/05/GHSA-p5h2-vr99-xm99/GHSA-p5h2-vr99-xm99.json
GHSA-xmgr-jff3-fcfv,,2024-05-30,Packagist,typo3/cms-core,CWE-384,MODERATE,"revoke,session_not_invalidated",TYPO3 Security Misconfiguration in User Session Handling,adb/advisories/github-reviewed/2024/05/GHSA-xmgr-jff3-fcfv/GHSA-xmgr-jff3-fcfv.json
GHSA-vw63-824v-qf2j,CVE-2024-22261,2024-06-02,Go,github.com/goharbor/harbor,CWE-566,LOW,retain_access,SQL Injection in Harbor scan log API,adb/advisories/github-reviewed/2024/06/GHSA-vw63-824v-qf2j/GHSA-vw63-824v-qf2j.json
GHSA-g9rv-6g56-65h8,,2024-06-05,Packagist,typo3/cms,,MODERATE,"revoke,session_not_invalidated",Typo3 Security Misconfiguration in User Session Handling,adb/advisories/github-reviewed/2024/06/GHSA-g9rv-6g56-65h8/GHSA-g9rv-6g56-65h8.json
GHSA-753j-mpmx-qq6g,,2024-06-06,PyPI,tornado,CWE-444,MODERATE,cache_perm,Inconsistent Interpretation of HTTP Requests ('HTTP Request/Response Smuggling') in tornado,adb/advisories/github-reviewed/2024/06/GHSA-753j-mpmx-qq6g/GHSA-753j-mpmx-qq6g.json
GHSA-99hm-86h7-gr3g,CVE-2024-4680,2024-06-08,PyPI,zenml,CWE-613,LOW,"revoke,retain_access,session_not_invalidated",zenml-io/zenml does not expire the session after password reset,adb/advisories/github-reviewed/2024/06/GHSA-99hm-86h7-gr3g/GHSA-99hm-86h7-gr3g.json
GHSA-9ghh-mmcq-8phc,CVE-2023-22650,2024-06-17,Go,github.com/rancher/rancher,"CWE-287,CWE-306,CWE-613",HIGH,"revoke,token_after",Rancher does not automatically clean up a user deleted or disabled from the configured Authentication Provider,adb/advisories/github-reviewed/2024/06/GHSA-9ghh-mmcq-8phc/GHSA-9ghh-mmcq-8phc.json
GHSA-v8wx-v5jq-qhhw,CVE-2024-41666,2024-07-24,Go,github.com/argoproj/argo-cd/v2,CWE-269,MODERATE,revoke,The Argo CD web terminal session does not handle the revocation of user permissions properly,adb/advisories/github-reviewed/2024/07/GHSA-v8wx-v5jq-qhhw/GHSA-v8wx-v5jq-qhhw.json
GHSA-hw28-333w-qxp3,CVE-2024-22278,2024-07-31,Go,github.com/goharbor/harbor,CWE-269,HIGH,retain_access,Harbor fails to validate the user permissions when updating project configurations,adb/advisories/github-reviewed/2024/07/GHSA-hw28-333w-qxp3/GHSA-hw28-333w-qxp3.json
GHSA-p78h-m8pv-g9gm,CVE-2023-28857,2024-08-05,Maven,org.apereo.cas:cas-server-support-x509-core,"CWE-200,CWE-522",MODERATE,revoke,Apereo CAS vulnerable to credential leaks for LDAP authentication,adb/advisories/github-reviewed/2024/08/GHSA-p78h-m8pv-g9gm/GHSA-p78h-m8pv-g9gm.json
GHSA-vwf8-q6fw-4wcm,CVE-2024-42486,2024-08-16,Go,github.com/cilium/cilium,CWE-200,MODERATE,"revoke,no_longer",Cilium leaks information via incorrect ReferenceGrant update logic in Gateway API,adb/advisories/github-reviewed/2024/08/GHSA-vwf8-q6fw-4wcm/GHSA-vwf8-q6fw-4wcm.json
GHSA-2w5j-qfvw-2hf5,CVE-2024-46999,2024-09-19,Go,github.com/zitadel/zitadel/v2,"CWE-269,CWE-672",HIGH,deactivated_user,ZITADEL's User Grant Deactivation not Working,adb/advisories/github-reviewed/2024/09/GHSA-2w5j-qfvw-2hf5/GHSA-2w5j-qfvw-2hf5.json
GHSA-qr2h-7pwm-h393,CVE-2024-47000,2024-09-19,Go,github.com/zitadel/zitadel/v2,"CWE-269,CWE-672",HIGH,revoke,ZITADEL's Service Users Deactivation not Working ,adb/advisories/github-reviewed/2024/09/GHSA-qr2h-7pwm-h393/GHSA-qr2h-7pwm-h393.json
GHSA-xwgj-vpm9-q2rq,CVE-2024-8038,2024-10-03,Go,github.com/juju/juju,,MODERATE,revoke,Vulnerable juju introspection abstract UNIX domain socket,adb/advisories/github-reviewed/2024/10/GHSA-xwgj-vpm9-q2rq/GHSA-xwgj-vpm9-q2rq.json
GHSA-3pg4-qwc8-426r,,2024-10-24,Maven,org.openrefine:openrefine,CWE-522,HIGH,revoke,OpenRefine leaks Google API credentials in releases,adb/advisories/github-reviewed/2024/10/GHSA-3pg4-qwc8-426r/GHSA-3pg4-qwc8-426r.json
GHSA-q99x-mjmh-v8w7,CVE-2024-43433,2024-11-11,Packagist,moodle/moodle,CWE-863,LOW,revoke,Moodle's user/power level management inconsistent with suspended users,adb/advisories/github-reviewed/2024/11/GHSA-q99x-mjmh-v8w7/GHSA-q99x-mjmh-v8w7.json
GHSA-p2qq-c693-q53w,CVE-2024-52551,2024-11-13,Maven,org.jenkinsci.plugins:pipeline-model-parent,"CWE-276,CWE-285",HIGH,revoke,Restarting a run with revoked script approval allowed by Jenkins Pipeline: Declarative Plugin ,adb/advisories/github-reviewed/2024/11/GHSA-p2qq-c693-q53w/GHSA-p2qq-c693-q53w.json
GHSA-mrpr-vr82-x88r,CVE-2024-52550,2024-11-13,Maven,org.jenkins-ci.plugins.workflow:workflow-cps,"CWE-285,CWE-354",HIGH,revoke,Rebuilding a run with revoked script approval allowed by Jenkins Pipeline: Groovy Plugin ,adb/advisories/github-reviewed/2024/11/GHSA-mrpr-vr82-x88r/GHSA-mrpr-vr82-x88r.json
GHSA-jwcm-9g39-pmcw,CVE-2024-53858,2024-11-27,Go,github.com/cli/cli/v2,CWE-200,MODERATE,revoke,Recursive repository cloning can leak authentication tokens to non-GitHub submodule hosts,adb/advisories/github-reviewed/2024/11/GHSA-jwcm-9g39-pmcw/GHSA-jwcm-9g39-pmcw.json
GHSA-55v3-xh23-96gh,CVE-2024-53859,2024-11-27,Go,"github.com/cli/go-gh,github.com/cli/go-gh/v2",CWE-200,MODERATE,revoke,`auth.TokenForHost` violates GitHub host security boundary when sourcing authentication token within a codespace,adb/advisories/github-reviewed/2024/11/GHSA-55v3-xh23-96gh/GHSA-55v3-xh23-96gh.json
GHSA-rcq8-9q3j-98mw,CVE-2024-45106,2024-12-03,Maven,org.apache.ozone:ozone,"CWE-287,CWE-863",HIGH,revoke,Apache Ozone: Improper authentication when generating S3 secrets,adb/advisories/github-reviewed/2024/12/GHSA-rcq8-9q3j-98mw/GHSA-rcq8-9q3j-98mw.json
GHSA-jpmc-7p9c-4rxf,CVE-2024-6219,2024-12-09,Go,github.com/canonical/lxd,"CWE-287,CWE-295",LOW,revoke,lxd has a restricted TLS certificate privilege escalation when in PKI mode,adb/advisories/github-reviewed/2024/12/GHSA-jpmc-7p9c-4rxf/GHSA-jpmc-7p9c-4rxf.json
GHSA-9j3m-fr7q-jxfw,CVE-2024-55885,2024-12-12,Go,"github.com/beego/beego,github.com/beego/beego/v2","CWE-327,CWE-328",MODERATE,cache_perm,Beego has Collision Hazards of MD5 in Cache Key Filenames,adb/advisories/github-reviewed/2024/12/GHSA-9j3m-fr7q-jxfw/GHSA-9j3m-fr7q-jxfw.json
GHSA-8863-4qmg-fr45,CVE-2024-45033,2025-01-08,PyPI,apache-airflow-providers-fab,CWE-613,LOW,even_after,Apache Airflow Fab Provider Insufficient Session Expiration vulnerability,adb/advisories/github-reviewed/2025/01/GHSA-8863-4qmg-fr45/GHSA-8863-4qmg-fr45.json
GHSA-675f-rq2r-jw82,CVE-2025-22149,2025-01-09,Go,github.com/MicahParks/jwkset,CWE-672,LOW,revoke,JWK Set's HTTP client only overwrites and appends JWK to local cache during refresh,adb/advisories/github-reviewed/2025/01/GHSA-675f-rq2r-jw82/GHSA-675f-rq2r-jw82.json
GHSA-qjh3-4j3h-vmwp,CVE-2024-51491,2025-01-13,Go,github.com/notaryproject/notation-go,CWE-703,LOW,revoke,notation-go has an OS error when setting CRL cache leads to denial of signature verification,adb/advisories/github-reviewed/2025/01/GHSA-qjh3-4j3h-vmwp/GHSA-qjh3-4j3h-vmwp.json
GHSA-45v3-38pc-874v,CVE-2024-56138,2025-01-13,Go,github.com/notaryproject/notation-go,CWE-299,MODERATE,revoke,notation-go's timestamp signature generation lacks certificate revocation check,adb/advisories/github-reviewed/2025/01/GHSA-45v3-38pc-874v/GHSA-45v3-38pc-874v.json
GHSA-c9p4-xwr9-rfhx,CVE-2025-23208,2025-01-17,Go,zotregistry.dev/zot,CWE-269,HIGH,revoke,Zot IdP group membership revocation ignored,adb/advisories/github-reviewed/2025/01/GHSA-c9p4-xwr9-rfhx/GHSA-c9p4-xwr9-rfhx.json
GHSA-vqf5-2xx6-9wfm,CVE-2025-24362,2025-01-24,GitHub Actions,github/codeql-action,"CWE-215,CWE-532",HIGH,"revoke,token_after",GitHub PAT written to debug artifacts,adb/advisories/github-reviewed/2025/01/GHSA-vqf5-2xx6-9wfm/GHSA-vqf5-2xx6-9wfm.json
GHSA-r2x6-cjg7-8r43,CVE-2025-24795,2025-01-29,PyPI,snowflake-connector-python,CWE-276,MODERATE,cache_perm,snowflake-connector-python vulnerable to insecure cache files permissions,adb/advisories/github-reviewed/2025/01/GHSA-r2x6-cjg7-8r43/GHSA-r2x6-cjg7-8r43.json
GHSA-33g6-495w-v8j2,CVE-2025-24790,2025-01-29,Maven,net.snowflake:snowflake-jdbc,CWE-276,MODERATE,cache_perm,Snowflake JDBC uses insecure temporary credential cache file permissions,adb/advisories/github-reviewed/2025/01/GHSA-33g6-495w-v8j2/GHSA-33g6-495w-v8j2.json
GHSA-xfhv-wqj6-rx99,CVE-2025-24791,2025-01-29,npm,snowflake-sdk,CWE-281,MODERATE,cache_perm,snowflake-sdk may incorrectly validate temporary credential cache file permissions,adb/advisories/github-reviewed/2025/01/GHSA-xfhv-wqj6-rx99/GHSA-xfhv-wqj6-rx99.json
GHSA-88m4-h43f-wx84,CVE-2025-23215,2025-01-31,Maven,"net.sourceforge.pmd:pmd-core,net.sourceforge.pmd:pmd-designer,net.sourceforge.pmd:pmd-ui","CWE-200,CWE-540",CRITICAL,revoke,PMD Designer's release key passphrase (GPG) available on Maven Central in cleartext,adb/advisories/github-reviewed/2025/01/GHSA-88m4-h43f-wx84/GHSA-88m4-h43f-wx84.json
GHSA-f8mx-cwfh-7hr2,,2025-02-03,NuGet,TShock,CWE-285,MODERATE,still_able,"TShock allows chat while not fully connected, possible ban evasion",adb/advisories/github-reviewed/2025/02/GHSA-f8mx-cwfh-7hr2/GHSA-f8mx-cwfh-7hr2.json
GHSA-qrm9-f75w-hg4c,CVE-2025-25202,2025-02-11,Hex,ash_authentication,CWE-269,MODERATE,revoke,Ash Authentication has flawed token revocation checking logic in actions generated by `mix ash_authentication.install`,adb/advisories/github-reviewed/2025/02/GHSA-qrm9-f75w-hg4c/GHSA-qrm9-f75w-hg4c.json
GHSA-pwhh-q4h6-w599,CVE-2025-27154,2025-02-28,PyPI,spotipy,CWE-276,HIGH,cache_perm,"Spotipy's cache file, containing spotify auth token, is created with overly broad permissions",adb/advisories/github-reviewed/2025/02/GHSA-pwhh-q4h6-w599/GHSA-pwhh-q4h6-w599.json
GHSA-mrrh-fwg8-r2c3,CVE-2025-30066,2025-03-15,GitHub Actions,tj-actions/changed-files,CWE-506,HIGH,revoke,tj-actions changed-files through 45.0.7 allows remote attackers to discover secrets by reading actions logs.,adb/advisories/github-reviewed/2025/03/GHSA-mrrh-fwg8-r2c3/GHSA-mrrh-fwg8-r2c3.json
GHSA-pqq3-q84h-pj6x,CVE-2025-29788,2025-03-17,Packagist,sylius/paypal-plugin,CWE-472,MODERATE,cache_perm,Sylius PayPal Plugin Payment Amount Manipulation Vulnerability,adb/advisories/github-reviewed/2025/03/GHSA-pqq3-q84h-pj6x/GHSA-pqq3-q84h-pj6x.json
GHSA-hxg4-65p5-9w37,CVE-2025-30152,2025-03-19,Packagist,sylius/paypal-plugin,CWE-472,MODERATE,cache_perm,Sylius PayPal Plugin has an Order Manipulation Vulnerability after PayPal Checkout,adb/advisories/github-reviewed/2025/03/GHSA-hxg4-65p5-9w37/GHSA-hxg4-65p5-9w37.json
GHSA-56p6-qw3c-fq2g,CVE-2025-30351,2025-03-26,npm,"@directus/api,@directus/types,directus",CWE-672,LOW,deactivated_user,Suspended Directus user can continue to use session token to access API,adb/advisories/github-reviewed/2025/03/GHSA-56p6-qw3c-fq2g/GHSA-56p6-qw3c-fq2g.json
GHSA-26wh-cc3r-w6pj,CVE-2025-31479,2025-04-02,GitHub Actions,canonical/get-workflow-version-action,CWE-532,HIGH,revoke,canonical/get-workflow-version-action can leak a partial GITHUB_TOKEN in exception output,adb/advisories/github-reviewed/2025/04/GHSA-26wh-cc3r-w6pj/GHSA-26wh-cc3r-w6pj.json
GHSA-5pm7-cp8f-p2c2,,2025-04-09,Packagist,wallabag/wallabag,CWE-352,MODERATE,revoke,wallabag/wallabag Has Multiple Cross-Site Request Forgery (CSRF) Vulnerabilities,adb/advisories/github-reviewed/2025/04/GHSA-5pm7-cp8f-p2c2/GHSA-5pm7-cp8f-p2c2.json
GHSA-6frx-j292-c844,CVE-2025-47940,2025-05-20,Packagist,typo3/cms-core,CWE-283,HIGH,retain_access,TYPO3 Allows Privilege Escalation to System Maintainer,adb/advisories/github-reviewed/2025/05/GHSA-6frx-j292-c844/GHSA-6frx-j292-c844.json
GHSA-mc2f-jgj6-6cp3,CVE-2025-3230,2025-05-30,Go,github.com/mattermost/mattermost/server/v8,CWE-303,MODERATE,deactivated_user,Mattermost fails to properly invalidate personal access tokens upon user deactivation,adb/advisories/github-reviewed/2025/05/GHSA-mc2f-jgj6-6cp3/GHSA-mc2f-jgj6-6cp3.json
GHSA-f7gq-h8jv-h3cq,CVE-2025-4754,2025-06-17,Hex,ash_authentication_phoenix,CWE-613,LOW,"revoke,session_not_invalidated,token_after",ash_authentication_phoenix has Insufficient Session Expiration,adb/advisories/github-reviewed/2025/06/GHSA-f7gq-h8jv-h3cq/GHSA-f7gq-h8jv-h3cq.json
GHSA-93c7-7xqw-w357,CVE-2025-4366,2025-06-20,crates.io,pingora-core,CWE-444,HIGH,cache_perm,Pingora has a Request Smuggling Vulnerability,adb/advisories/github-reviewed/2025/06/GHSA-93c7-7xqw-w357/GHSA-93c7-7xqw-w357.json
GHSA-3v48-283x-f2w4,CVE-2025-52996,2025-06-30,Go,"github.com/filebrowser/filebrowser,github.com/filebrowser/filebrowser/v2",CWE-305,LOW,cache_perm,File Browser's password protection of links is bypassable,adb/advisories/github-reviewed/2025/06/GHSA-3v48-283x-f2w4/GHSA-3v48-283x-f2w4.json
GHSA-qf34-qpr4-5pph,CVE-2025-53624,2025-07-09,npm,docusaurus-plugin-content-gists,CWE-200,CRITICAL,revoke,docusaurus-plugin-content-gists vulnerability exposes GitHub Personal Access Token,adb/advisories/github-reviewed/2025/07/GHSA-qf34-qpr4-5pph/GHSA-qf34-qpr4-5pph.json
GHSA-hq75-xg7r-rx6c,,2025-07-11,npm,better-call,CWE-525,MODERATE,cache_perm,Better Call routing bug can lead to Cache Deception,adb/advisories/github-reviewed/2025/07/GHSA-hq75-xg7r-rx6c/GHSA-hq75-xg7r-rx6c.json
GHSA-7xwp-2cpp-p8r7,CVE-2025-53826,2025-07-16,Go,"github.com/filebrowser/filebrowser,github.com/filebrowser/filebrowser/v2","CWE-305,CWE-384,CWE-613",HIGH,token_after,File Browser’s insecure JWT handling can lead to session replay attacks after logout,adb/advisories/github-reviewed/2025/07/GHSA-7xwp-2cpp-p8r7/GHSA-7xwp-2cpp-p8r7.json
GHSA-x6ph-r535-3vjw,CVE-2025-53945,2025-07-18,Go,chainguard.dev/apko,CWE-276,HIGH,cache_perm,apko is vulnerable to attack through incorrect permissions in /etc/ld.so.cache and other files,adb/advisories/github-reviewed/2025/07/GHSA-x6ph-r535-3vjw/GHSA-x6ph-r535-3vjw.json
GHSA-7h34-9chr-58qh,CVE-2025-6226,2025-07-18,Go,"github.com/mattermost/mattermost-server,github.com/mattermost/mattermost/server/v8",CWE-306,MODERATE,cache_perm,Mattermost Missing Authentication for Critical Function,adb/advisories/github-reviewed/2025/07/GHSA-7h34-9chr-58qh/GHSA-7h34-9chr-58qh.json
GHSA-x6gv-2rvh-qmp6,,2025-08-13,GitHub Actions,"BoldestDungeon/steam-workshop-deploy,m00nl1ght-dev/steam-workshop-deploy","CWE-212,CWE-522,CWE-527",CRITICAL,revoke,m00nl1ght-dev/steam-workshop-deploy: Exposure of Version-Control Repository to an Unauthorized Control Sphere and Insufficiently Protected Credentials,adb/advisories/github-reviewed/2025/08/GHSA-x6gv-2rvh-qmp6/GHSA-x6gv-2rvh-qmp6.json
GHSA-27r7-3m9x-r533,CVE-2025-57813,2025-08-26,Go,github.com/traPtitech/traQ,CWE-532,MODERATE,revoke,traQ Allows Insertion of Sensitive Information into Log File,adb/advisories/github-reviewed/2025/08/GHSA-27r7-3m9x-r533/GHSA-27r7-3m9x-r533.json
GHSA-cxm3-wv7p-598c,CVE-2025-10894,2025-08-27,npm,"@nx/devkit,@nx/enterprise-cloud,@nx/eslint,@nx/js,@nx/key,@nx/node,@nx/workspace,nx",CWE-506,CRITICAL,revoke,Malicious versions of Nx were published,adb/advisories/github-reviewed/2025/08/GHSA-cxm3-wv7p-598c/GHSA-cxm3-wv7p-598c.json
GHSA-g5qg-72qw-gw5v,CVE-2025-57752,2025-08-29,npm,next,CWE-524,MODERATE,cache_perm,Next.js Affected by Cache Key Confusion for Image Optimization API Routes,adb/advisories/github-reviewed/2025/08/GHSA-g5qg-72qw-gw5v/GHSA-g5qg-72qw-gw5v.json
GHSA-j6xf-jwrj-v5qp,CVE-2025-58437,2025-09-05,Go,github.com/coder/coder/v2,"CWE-269,CWE-277,CWE-613",HIGH,session_not_invalidated,Coder vulnerable to privilege escalation could lead to a cross workspace compromise,adb/advisories/github-reviewed/2025/09/GHSA-j6xf-jwrj-v5qp/GHSA-j6xf-jwrj-v5qp.json
GHSA-rpw8-82v9-3q87,CVE-2025-57766,2025-09-08,PyPI,ethyca-fides,CWE-613,LOW,"retain_access,session_not_invalidated",Fides' Admin UI User Password Change Does Not Invalidate Current Session,adb/advisories/github-reviewed/2025/09/GHSA-rpw8-82v9-3q87/GHSA-rpw8-82v9-3q87.json
GHSA-mjqp-26hc-grxg,CVE-2025-10156,2025-09-10,PyPI,picklescan,"CWE-693,CWE-755",CRITICAL,still_able,Picklescan: ZIP archive scan bypass is possible through non-exhaustive Cyclic Redundancy Check,adb/advisories/github-reviewed/2025/09/GHSA-mjqp-26hc-grxg/GHSA-mjqp-26hc-grxg.json
GHSA-765j-9r45-w2q2,CVE-2025-58065,2025-09-11,PyPI,flask-appbuilder,CWE-287,MODERATE,"even_after,token_after",Flask App Builder has an Authentication Bypass vulnerability when using non AUTH_DB methods,adb/advisories/github-reviewed/2025/09/GHSA-765j-9r45-w2q2/GHSA-765j-9r45-w2q2.json
GHSA-rpx3-f938-xj5q,CVE-2025-43819,2025-09-24,Maven,com.liferay:com.liferay.saml.impl,CWE-613,MODERATE,"session_not_invalidated,stale",Liferay Portal and DXP does not properly expire sessions,adb/advisories/github-reviewed/2025/09/GHSA-rpx3-f938-xj5q/GHSA-rpx3-f938-xj5q.json
GHSA-2pgj-5cv2-6xxw,,2025-10-08,crates.io,fuel-vm,CWE-416,HIGH,still_able,FuelVM is vulnerable to heap memory allocation re-use bug,adb/advisories/github-reviewed/2025/10/GHSA-2pgj-5cv2-6xxw/GHSA-2pgj-5cv2-6xxw.json
GHSA-4r8w-3jww-m2rp,CVE-2025-3930,2025-10-16,npm,@strapi/strapi,CWE-613,MODERATE,token_after,Strapi is vulnerable to Insufficient Session Expiration,adb/advisories/github-reviewed/2025/10/GHSA-4r8w-3jww-m2rp/GHSA-4r8w-3jww-m2rp.json
GHSA-jjjj-jwhf-8rgr,CVE-2025-62506,2025-10-16,Go,github.com/minio/minio,CWE-863,HIGH,revoke,MinIO is Vulnerable to Privilege Escalation via Session Policy Bypass in Service Accounts and STS,adb/advisories/github-reviewed/2025/10/GHSA-jjjj-jwhf-8rgr/GHSA-jjjj-jwhf-8rgr.json
GHSA-895x-rfqp-jh5c,CVE-2025-12110,2025-10-23,Maven,org.keycloak:keycloak-services,CWE-613,MODERATE,removed_access,Keycloak does not invalidate offline sessions when the offline_access scope is removed,adb/advisories/github-reviewed/2025/10/GHSA-895x-rfqp-jh5c/GHSA-895x-rfqp-jh5c.json
GHSA-j4vr-pcmw-hx59,CVE-2023-32199,2025-10-24,Go,github.com/rancher/rancher,CWE-281,MODERATE,retain_access,Rancher user retains access to clusters despite Global Role removal,adb/advisories/github-reviewed/2025/10/GHSA-j4vr-pcmw-hx59/GHSA-j4vr-pcmw-hx59.json
GHSA-mw39-9qc2-f7mg,CVE-2024-58269,2025-10-24,Go,github.com/rancher/rancher,CWE-532,MODERATE,revoke,Rancher exposes sensitive information through audit logs,adb/advisories/github-reviewed/2025/10/GHSA-mw39-9qc2-f7mg/GHSA-mw39-9qc2-f7mg.json
GHSA-c2jp-c369-7pvx,,2025-10-29,PyPI,fastmcp,CWE-287,HIGH,revoke,FastMCP Auth Integration Allows for Confused Deputy Account Takeover,adb/advisories/github-reviewed/2025/10/GHSA-c2jp-c369-7pvx/GHSA-c2jp-c369-7pvx.json
GHSA-2r4r-5x78-mvqf,CVE-2025-64437,2025-11-06,Go,kubevirt.io/kubevirt,CWE-59,MODERATE,role_change,KubeVirt Isolation Detection Flaw Allows Arbitrary File Permission Changes,adb/advisories/github-reviewed/2025/11/GHSA-2r4r-5x78-mvqf/GHSA-2r4r-5x78-mvqf.json
GHSA-mr34-8733-grr2,CVE-2024-21635,2025-11-14,Go,github.com/usememos/memos,CWE-287,HIGH,"revoke,retain_access",Memos' Access Tokens Stay Valid after User Password Change,adb/advisories/github-reviewed/2025/11/GHSA-mr34-8733-grr2/GHSA-mr34-8733-grr2.json
GHSA-2w46-vq8h-98vh,,2025-11-14,Packagist,shopware/core,CWE-640,MODERATE,even_after,Shopware 6's password recovery link does not expire after email change,adb/advisories/github-reviewed/2025/11/GHSA-2w46-vq8h-98vh/GHSA-2w46-vq8h-98vh.json
GHSA-x7rp-qj2h-ghgw,,2025-11-14,npm,flowise,CWE-613,HIGH,"retain_access,session_not_invalidated",Flowise Fails to Invalidate Existing Sessions After Password Changes,adb/advisories/github-reviewed/2025/11/GHSA-x7rp-qj2h-ghgw/GHSA-x7rp-qj2h-ghgw.json
GHSA-p8pf-44ff-93gf,CVE-2025-64762,2025-11-20,npm,@workos-inc/authkit-nextjs,CWE-524,HIGH,cache_perm,authkit-nextjs may let session cookies be cached in CDNs,adb/advisories/github-reviewed/2025/11/GHSA-p8pf-44ff-93gf/GHSA-p8pf-44ff-93gf.json
GHSA-wmjr-v86c-m9jj,,2025-11-26,npm,better-auth,"CWE-287,CWE-345",LOW,revoke,Better Auth's multi-session sign-out hook allows forged cookies to revoke arbitrary sessions,adb/advisories/github-reviewed/2025/11/GHSA-wmjr-v86c-m9jj/GHSA-wmjr-v86c-m9jj.json
GHSA-69jw-4jj8-fcxm,CVE-2025-13353,2025-12-02,Go,github.com/cloudflare/gokey,CWE-330,HIGH,revoke,gokey allows secret recovery from a seed file without the master password,adb/advisories/github-reviewed/2025/12/GHSA-69jw-4jj8-fcxm/GHSA-69jw-4jj8-fcxm.json
GHSA-j7c9-79x7-8hpr,CVE-2025-66406,2025-12-03,Go,github.com/smallstep/certificates,"CWE-285,CWE-863",MODERATE,revoke,step-ca Has Improper Authorization Check for SSH Certificate Revocation,adb/advisories/github-reviewed/2025/12/GHSA-j7c9-79x7-8hpr/GHSA-j7c9-79x7-8hpr.json
GHSA-mv7p-34fv-4874,CVE-2025-13877,2025-12-09,npm,@nocobase/auth,"CWE-1320,CWE-321",MODERATE,no_longer,Authentication Bypass via Default JWT Secret in NocoBase docker-compose Deployments,adb/advisories/github-reviewed/2025/12/GHSA-mv7p-34fv-4874/GHSA-mv7p-34fv-4874.json
GHSA-898v-775g-777c,CVE-2025-67510,2025-12-09,Packagist,neuron-core/neuron-ai,"CWE-250,CWE-284",CRITICAL,revoke,Neuron MySQLWriteTool allows arbitrary/destructive SQL when exposed to untrusted prompts (agent “footgun”),adb/advisories/github-reviewed/2025/12/GHSA-898v-775g-777c/GHSA-898v-775g-777c.json
GHSA-x4m5-4cw8-vc44,CVE-2025-69202,2025-12-30,npm,axios-cache-interceptor,"CWE-524,CWE-639",MODERATE,cache_perm,axios-cache-interceptor Vulnerable to Cache Poisoning via Ignored HTTP Vary Header,adb/advisories/github-reviewed/2025/12/GHSA-x4m5-4cw8-vc44/GHSA-x4m5-4cw8-vc44.json
GHSA-fq56-hvg6-wvm5,CVE-2025-68620,2026-01-02,npm,signalk-server,CWE-288,CRITICAL,cache_perm,Signal K Server vulnerable to JWT Token Theft via WebSocket Enumeration and Unauthenticated Polling,adb/advisories/github-reviewed/2026/01/GHSA-fq56-hvg6-wvm5/GHSA-fq56-hvg6-wvm5.json
GHSA-8c39-xppg-479c,CVE-2025-68954,2026-01-06,"Go,Packagist","github.com/pterodactyl/wings,pterodactyl/panel",CWE-613,HIGH,"revoke,role_change,even_after",Pterodactyl does not revoke SFTP access when server is deleted or permissions reduced,adb/advisories/github-reviewed/2026/01/GHSA-8c39-xppg-479c/GHSA-8c39-xppg-479c.json
GHSA-vrgw-pc9c-qrrc,CVE-2025-68924,2026-01-13,NuGet,UmbracoForms,"CWE-502,CWE-829,CWE-915,CWE-94",CRITICAL,revoke,UmbracoForms Vulnerable to Remote Code Execution via Untrusted WSDL Compilation in Dynamic SOAP Client Generation,adb/advisories/github-reviewed/2026/01/GHSA-vrgw-pc9c-qrrc/GHSA-vrgw-pc9c-qrrc.json
GHSA-4wg4-p27p-5q2r,CVE-2026-23496,2026-01-15,Packagist,pimcore/web2print-tools-bundle,CWE-284,MODERATE,still_able,"Pimcore Web2Print Tools Bundle ""Favourite Output Channel Configuration"" Missing Function Level Authorization",adb/advisories/github-reviewed/2026/01/GHSA-4wg4-p27p-5q2r/GHSA-4wg4-p27p-5q2r.json
GHSA-hqrp-m84v-2m2f,CVE-2026-23495,2026-01-15,Packagist,pimcore/admin-ui-classic-bundle,CWE-284,MODERATE,still_able,"Pimcore's Admin Classic Bundle is Missing Function Level Authorization on ""Predefined Properties"" Listing",adb/advisories/github-reviewed/2026/01/GHSA-hqrp-m84v-2m2f/GHSA-hqrp-m84v-2m2f.json
GHSA-m3r2-724c-pwgf,CVE-2026-23494,2026-01-15,Packagist,pimcore/pimcore,CWE-284,MODERATE,still_able,"Pimcore is Vulnerable to Broken Access Control: Missing Function Level Authorization on ""Static Routes"" Listing",adb/advisories/github-reviewed/2026/01/GHSA-m3r2-724c-pwgf/GHSA-m3r2-724c-pwgf.json
GHSA-qppm-g56g-fpvp,CVE-2025-66803,2026-01-20,npm,@hotwired/turbo,"CWE-362,CWE-367,CWE-613",LOW,stale,Turbo Frame responses can restore stale session cookies,adb/advisories/github-reviewed/2026/01/GHSA-qppm-g56g-fpvp/GHSA-qppm-g56g-fpvp.json
GHSA-wv3h-x6c4-r867,CVE-2025-14559,2026-01-21,Maven,org.keycloak:keycloak-services,CWE-863,MODERATE,revoke,Keycloak services allows the issuance of access and refresh tokens for disabled users,adb/advisories/github-reviewed/2026/01/GHSA-wv3h-x6c4-r867/GHSA-wv3h-x6c4-r867.json
GHSA-j8xr-c56q-m8jj,CVE-2026-20883,2026-01-23,Go,github.com/go-gitea/gitea,CWE-284,LOW,revoke,Gitea improperly exposes issue titles and repository names through previously started stopwatches,adb/advisories/github-reviewed/2026/01/GHSA-j8xr-c56q-m8jj/GHSA-j8xr-c56q-m8jj.json
GHSA-8fwc-qjw5-rvgp,CVE-2026-0798,2026-01-23,Go,code.gitea.io/gitea,CWE-284,LOW,revoke,Gitea may send release notification emails for private repositories to users whose access has been revoked,adb/advisories/github-reviewed/2026/01/GHSA-8fwc-qjw5-rvgp/GHSA-8fwc-qjw5-rvgp.json
GHSA-2vgv-hgv4-22mh,CVE-2026-20800,2026-01-23,Go,github.com/go-gitea/gitea,CWE-200,LOW,revoke,Gitea improperly exposes issue and pull request titles,adb/advisories/github-reviewed/2026/01/GHSA-2vgv-hgv4-22mh/GHSA-2vgv-hgv4-22mh.json
GHSA-jqc5-w2xx-5vq4,CVE-2026-24686,2026-01-26,Go,github.com/theupdateframework/go-tuf/v2,CWE-22,MODERATE,cache_perm,go-tuf Path Traversal in TAP 4 Multirepo Client Allows Arbitrary File Write via Malicious Repository Names,adb/advisories/github-reviewed/2026/01/GHSA-jqc5-w2xx-5vq4/GHSA-jqc5-w2xx-5vq4.json
GHSA-v253-rj99-jwpq,CVE-2026-24131,2026-01-26,npm,pnpm,"CWE-22,CWE-732",MODERATE,role_change,pnpm has Path Traversal via arbitrary file permission modification ,adb/advisories/github-reviewed/2026/01/GHSA-v253-rj99-jwpq/GHSA-v253-rj99-jwpq.json
GHSA-6wqw-2p9w-4vw4,CVE-2026-24472,2026-01-27,npm,hono,"CWE-524,CWE-613",MODERATE,cache_perm,"Hono cache middleware ignores ""Cache-Control: private"" leading to Web Cache Deception",adb/advisories/github-reviewed/2026/01/GHSA-6wqw-2p9w-4vw4/GHSA-6wqw-2p9w-4vw4.json
GHSA-25fp-8w8p-mx36,CVE-2025-69212,2026-02-06,Packagist,devcode-it/openstamanager,CWE-78,CRITICAL,retain_access,OpenSTAManager has an OS Command Injection in P7M File Processing,adb/advisories/github-reviewed/2026/02/GHSA-25fp-8w8p-mx36/GHSA-25fp-8w8p-mx36.json
GHSA-8wc6-vgrq-x6cf,,2026-02-13,npm,renovate,CWE-269,MODERATE,revoke,Child processes spawned by Renovate incorrectly have full access to environment variables,adb/advisories/github-reviewed/2026/02/GHSA-8wc6-vgrq-x6cf/GHSA-8wc6-vgrq-x6cf.json
GHSA-2xf7-hmf6-p64j,CVE-2026-20796,2026-02-13,Go,github.com/mattermost/mattermost-server,CWE-367,LOW,deactivated_user,Mattermost doesn't properly validate channel membership at the time of data retrieval,adb/advisories/github-reviewed/2026/02/GHSA-2xf7-hmf6-p64j/GHSA-2xf7-hmf6-p64j.json
GHSA-hr7j-63v7-vj7g,,2026-02-17,"Go,Packagist","github.com/pterodactyl/wings,pterodactyl/panel","CWE-284,CWE-613",HIGH,"revoke,deactivated_user",Pterodactyl Panel's SFTP sessions remain active after user account deletion or password change,adb/advisories/github-reviewed/2026/02/GHSA-hr7j-63v7-vj7g/GHSA-hr7j-63v7-vj7g.json
GHSA-mgp5-rv84-w37q,CVE-2026-24734,2026-02-17,Maven,"org.apache.tomcat.embed:tomcat-embed-core,org.apache.tomcat:tomcat-coyote",CWE-20,HIGH,revoke,Apache Tomcat has an Improper Input Validation vulnerability,adb/advisories/github-reviewed/2026/02/GHSA-mgp5-rv84-w37q/GHSA-mgp5-rv84-w37q.json
GHSA-9ppg-jx86-fqw7,,2026-02-19,npm,cline,CWE-506,LOW,revoke,Unauthorized npm publish of cline@2.3.0 with modified postinstall script,adb/advisories/github-reviewed/2026/02/GHSA-9ppg-jx86-fqw7/GHSA-9ppg-jx86-fqw7.json
GHSA-cxpw-2g23-2vgw,CVE-2026-27576,2026-02-20,npm,openclaw,CWE-400,MODERATE,stale,OpenClaw: ACP prompt-size checks missing in local stdio bridge could reduce responsiveness with very large inputs,adb/advisories/github-reviewed/2026/02/GHSA-cxpw-2g23-2vgw/GHSA-cxpw-2g23-2vgw.json
GHSA-mhr3-j7m5-c7c9,CVE-2026-27794,2026-02-25,PyPI,langgraph-checkpoint,CWE-502,MODERATE,cache_perm,LangGraph: BaseCache Deserialization of Untrusted Data may lead to Remote Code Execution ,adb/advisories/github-reviewed/2026/02/GHSA-mhr3-j7m5-c7c9/GHSA-mhr3-j7m5-c7c9.json
GHSA-3ccg-x393-96v8,CVE-2026-27575,2026-02-25,Go,code.vikunja.io/api,"CWE-521,CWE-613",CRITICAL,"revoke,token_after",Vijkunja has Weak Password Policy Combined with Persistent Sessions After Password Change,adb/advisories/github-reviewed/2026/02/GHSA-3ccg-x393-96v8/GHSA-3ccg-x393-96v8.json
GHSA-6mq3-xmgp-pjm5,CVE-2026-27840,2026-02-27,Go,github.com/zitadel/zitadel,CWE-302,MODERATE,token_after,ZITADEL's truncated opaque tokens are still valid,adb/advisories/github-reviewed/2026/02/GHSA-6mq3-xmgp-pjm5/GHSA-6mq3-xmgp-pjm5.json
GHSA-rfjg-6m84-crj2,CVE-2026-28268,2026-02-28,Go,code.vikunja.io/api,"CWE-459,CWE-640",CRITICAL,token_after,Vikunja Vulnerable to Account Takeover via Password Reset Token Reuse,adb/advisories/github-reviewed/2026/02/GHSA-rfjg-6m84-crj2/GHSA-rfjg-6m84-crj2.json
GHSA-x4vh-j75g-268g,CVE-2026-28396,2026-03-02,npm,nocodb,CWE-613,MODERATE,"revoke,retain_access,token_after",NocoDB's Refresh Tokens Not Revoked on Password Reset,adb/advisories/github-reviewed/2026/03/GHSA-x4vh-j75g-268g/GHSA-x4vh-j75g-268g.json
GHSA-vf6j-6739-78m8,CVE-2023-22648,2026-03-03,Go,github.com/rancher/rancher,"CWE-269,CWE-271,CWE-384",HIGH,"removed_member,retain_access,cache_perm,removed_access",Rancher's Azure AD permission changes are not reflected on active sessions,adb/advisories/github-reviewed/2026/03/GHSA-vf6j-6739-78m8/GHSA-vf6j-6739-78m8.json
GHSA-25rw-g6ff-fmg8,CVE-2026-29193,2026-03-04,Go,"github.com/zitadel/zitadel,github.com/zitadel/zitadel/v2",CWE-287,HIGH,deactivated_user,ZITADEL: Login V2 UI Policy Bypass Allows Unauthorized Self-Registration and Authentication,adb/advisories/github-reviewed/2026/03/GHSA-25rw-g6ff-fmg8/GHSA-25rw-g6ff-fmg8.json
GHSA-262p-vjx5-45xh,,2026-03-05,crates.io,pingora-core,CWE-444,CRITICAL,cache_perm,Duplicate Advisory: HTTP Request Smuggling via HTTP/1.0 and Transfer-Encoding Misparsing,adb/advisories/github-reviewed/2026/03/GHSA-262p-vjx5-45xh/GHSA-262p-vjx5-45xh.json
GHSA-xq2h-p299-vjwv,CVE-2026-2833,2026-03-05,crates.io,pingora-core,CWE-444,CRITICAL,cache_perm,Pingora vulnerable to HTTP Request Smuggling via Premature Upgrade,adb/advisories/github-reviewed/2026/03/GHSA-xq2h-p299-vjwv/GHSA-xq2h-p299-vjwv.json
GHSA-q658-hfpg-35qc,CVE-2026-29061,2026-03-05,Go,github.com/forceu/gokapi,CWE-284,MODERATE,revoke,Gokapi has privilege escalation via incomplete API-key permission revocation on user rank demotion,adb/advisories/github-reviewed/2026/03/GHSA-q658-hfpg-35qc/GHSA-q658-hfpg-35qc.json
GHSA-hj7x-879w-vrp7,CVE-2026-2835,2026-03-05,crates.io,pingora-core,CWE-444,CRITICAL,cache_perm,Pingora has HTTP Request Smuggling via HTTP/1.0 and Transfer-Encoding Misparsing,adb/advisories/github-reviewed/2026/03/GHSA-hj7x-879w-vrp7/GHSA-hj7x-879w-vrp7.json
GHSA-x9p5-w45c-7ffc,CVE-2026-26196,2026-03-05,Go,gogs.io/gogs,CWE-598,MODERATE,revoke,Gogs: Access tokens get exposed through URL params in API requests,adb/advisories/github-reviewed/2026/03/GHSA-x9p5-w45c-7ffc/GHSA-x9p5-w45c-7ffc.json
GHSA-gq2m-77hf-vwgh,CVE-2026-30224,2026-03-05,Go,github.com/OliveTin/OliveTin,"CWE-384,CWE-613",MODERATE,"revoke,session_not_invalidated",OliveTin Session Fixation: Logout Fails to Invalidate Server-Side Session,adb/advisories/github-reviewed/2026/03/GHSA-gq2m-77hf-vwgh/GHSA-gq2m-77hf-vwgh.json
GHSA-f9v3-j2m7-4hpg,,2026-03-05,crates.io,pingora-core,CWE-444,CRITICAL,cache_perm,Duplicate Advisory: HTTP Request Smuggling via Premature Upgrade,adb/advisories/github-reviewed/2026/03/GHSA-f9v3-j2m7-4hpg/GHSA-f9v3-j2m7-4hpg.json
GHSA-6wcw-r64p-qrrw,CVE-2026-22723,2026-03-05,Maven,org.cloudfoundry.identity:cloudfoundry-identity-server,,MODERATE,revoke,Cloudfoundry UAA has logic error in the token revocation endpoint implementation,adb/advisories/github-reviewed/2026/03/GHSA-6wcw-r64p-qrrw/GHSA-6wcw-r64p-qrrw.json
GHSA-8rgj-vrfr-6hqr,CVE-2026-30945,2026-03-11,npm,studiocms,CWE-639,HIGH,revoke,StudioCMS: IDOR — Arbitrary API Token Revocation Leading to Denial of Service,adb/advisories/github-reviewed/2026/03/GHSA-8rgj-vrfr-6hqr/GHSA-8rgj-vrfr-6hqr.json
GHSA-j443-wcqq-xprh,,2026-03-11,Go,github.com/arslanbekov/terraform-provider-sendgrid,CWE-295,CRITICAL,revoke,Terraform Provider for SendGrid: TLS Session Resumption Bypasses Certificate Authority Trust Store Modifications in Go,adb/advisories/github-reviewed/2026/03/GHSA-j443-wcqq-xprh/GHSA-j443-wcqq-xprh.json
GHSA-f8q5-h5qh-33mh,CVE-2026-31976,2026-03-11,GitHub Actions,xygeni/xygeni-action,CWE-506,CRITICAL,removed_member,xygeni-action v5 tag poisoned with C2 backdoor,adb/advisories/github-reviewed/2026/03/GHSA-f8q5-h5qh-33mh/GHSA-f8q5-h5qh-33mh.json
GHSA-2mjp-6q6p-2qxm,CVE-2026-1525,2026-03-13,npm,undici,CWE-444,MODERATE,cache_perm,Undici has an HTTP Request/Response Smuggling issue,adb/advisories/github-reviewed/2026/03/GHSA-2mjp-6q6p-2qxm/GHSA-2mjp-6q6p-2qxm.json
GHSA-wwg8-6ffr-h4q2,CVE-2026-32816,2026-03-16,Packagist,admidio/admidio,CWE-352,MODERATE,revoke,"Admidio is Missing CSRF Validation on Role Delete, Activate, and Deactivate Actions",adb/advisories/github-reviewed/2026/03/GHSA-wwg8-6ffr-h4q2/GHSA-wwg8-6ffr-h4q2.json
GHSA-h8gr-qwr6-m9gx,CVE-2026-32755,2026-03-16,Packagist,admidio/admidio,CWE-352,MODERATE,"revoke,retain_access",Admidio is Missing CSRF Protection on Role Membership Date Changes,adb/advisories/github-reviewed/2026/03/GHSA-h8gr-qwr6-m9gx/GHSA-h8gr-qwr6-m9gx.json
GHSA-v9xm-ffx2-7h35,CVE-2026-32730,2026-03-18,npm,apostrophe,"CWE-287,CWE-305",HIGH,token_after,ApostropheCMS MFA/TOTP Bypass via Incorrect MongoDB Query in Bearer Token Middleware,adb/advisories/github-reviewed/2026/03/GHSA-v9xm-ffx2-7h35/GHSA-v9xm-ffx2-7h35.json
GHSA-pcgw-qcv5-h8ch,,2026-03-18,Go,github.com/russellhaering/gosaml2,CWE-347,HIGH,revoke,Unsigned SAML LogoutRequest Acceptance in gosaml2,adb/advisories/github-reviewed/2026/03/GHSA-pcgw-qcv5-h8ch/GHSA-pcgw-qcv5-h8ch.json
GHSA-vq4q-79hh-q767,CVE-2026-33316,2026-03-20,Go,code.vikunja.io/api,"CWE-284,CWE-862,CWE-863",HIGH,deactivated_user,Vikunja’s Improper Access Control Enables Bypass of Administrator-Imposed Account Disablement ,adb/advisories/github-reviewed/2026/03/GHSA-vq4q-79hh-q767/GHSA-vq4q-79hh-q767.json
GHSA-9f94-5g5w-gf6r,,2026-03-20,crates.io,"aws-lc-fips-sys,aws-lc-sys",CWE-295,HIGH,revoke,CRL Distribution Point Scope Check Logic Error in AWS-LC,adb/advisories/github-reviewed/2026/03/GHSA-9f94-5g5w-gf6r/GHSA-9f94-5g5w-gf6r.json
GHSA-pwjx-qhcg-rvj4,,2026-03-20,crates.io,rustls-webpki,CWE-299,MODERATE,revoke,webpki: CRLs not considered authoritative by Distribution Point due to faulty matching logic,adb/advisories/github-reviewed/2026/03/GHSA-pwjx-qhcg-rvj4/GHSA-pwjx-qhcg-rvj4.json
GHSA-5wr9-m6jw-xx44,,2026-03-24,NuGet,"Scriban.Signed,scriban",CWE-693,CRITICAL,stale,Scriban: Sandbox escape due to TypedObjectAccessorcache bypassing MemberFilter after TemplateContext reuse,adb/advisories/github-reviewed/2026/03/GHSA-5wr9-m6jw-xx44/GHSA-5wr9-m6jw-xx44.json
GHSA-69fq-xp46-6x23,CVE-2026-33634,2026-03-24,"GitHub Actions,Go","aquasecurity/setup-trivy,aquasecurity/trivy-action,github.com/aquasecurity/trivy",CWE-506,CRITICAL,"revoke,retain_access",Trivy ecosystem supply chain was briefly compromised,adb/advisories/github-reviewed/2026/03/GHSA-69fq-xp46-6x23/GHSA-69fq-xp46-6x23.json
GHSA-x6m9-38vm-2xhf,,2026-03-24,NuGet,"Scriban.Signed,scriban",CWE-226,HIGH,"stale,cache_perm",Scriban has an authorization bypass due to stale include cache surviving TemplateContext.Reset() ,adb/advisories/github-reviewed/2026/03/GHSA-x6m9-38vm-2xhf/GHSA-x6m9-38vm-2xhf.json
GHSA-94xm-jj8x-3cr4,CVE-2026-33668,2026-03-25,Go,code.vikunja.io/api,CWE-285,HIGH,deactivated_user,"Vikunja Allows Disabled/Locked User Accounts to Authenticate via API Tokens, CalDAV, and OpenID Connect",adb/advisories/github-reviewed/2026/03/GHSA-94xm-jj8x-3cr4/GHSA-94xm-jj8x-3cr4.json
GHSA-8cmm-j6c4-rr8v,CVE-2026-33676,2026-03-25,Go,code.vikunja.io/api,CWE-863,MODERATE,cache_perm,Vikunja has Cross-Project Information Disclosure via Task Relations — Missing Authorization Check on Related Task Read,adb/advisories/github-reviewed/2026/03/GHSA-8cmm-j6c4-rr8v/GHSA-8cmm-j6c4-rr8v.json
GHSA-5mg7-485q-xm76,,2026-03-25,PyPI,litellm,CWE-506,CRITICAL,revoke,Two LiteLLM versions published containing credential harvesting malware,adb/advisories/github-reviewed/2026/03/GHSA-5mg7-485q-xm76/GHSA-5mg7-485q-xm76.json
GHSA-pw7h-9g6p-c378,CVE-2026-35649,2026-03-26,npm,openclaw,"CWE-285,CWE-863",LOW,revoke,OpenClaw: Tlon settings empty-allowlist reconciliation bypassed intended revocation,adb/advisories/github-reviewed/2026/03/GHSA-pw7h-9g6p-c378/GHSA-pw7h-9g6p-c378.json
GHSA-h6c8-cww8-35hf,CVE-2026-33729,2026-03-26,Go,github.com/openfga/openfga,"CWE-1289,CWE-20,CWE-345",MODERATE,cache_perm,OpenFGA has an Authorization Bypass through cached keys,adb/advisories/github-reviewed/2026/03/GHSA-h6c8-cww8-35hf/GHSA-h6c8-cww8-35hf.json
GHSA-pwqr-wmgm-9rr8,CVE-2026-33870,2026-03-26,Maven,io.netty:netty-codec-http,CWE-444,HIGH,cache_perm,Netty: HTTP Request Smuggling via Chunked Extension Quoted-String Parsing,adb/advisories/github-reviewed/2026/03/GHSA-pwqr-wmgm-9rr8/GHSA-pwqr-wmgm-9rr8.json
GHSA-48vw-m3qc-wr99,,2026-03-26,npm,openclaw,,HIGH,retain_access,OpenClaw's Trusted-proxy Control UI sessions retain privileged scopes without device identity on device-less allow paths,adb/advisories/github-reviewed/2026/03/GHSA-48vw-m3qc-wr99/GHSA-48vw-m3qc-wr99.json
GHSA-g39v-qrj6-jxrh,CVE-2026-33764,2026-03-26,Packagist,wwbn/avideo,CWE-639,MODERATE,cache_perm,AVideo: IDOR in AI Plugin Allows Stealing Other Users' AI-Generated Metadata and Transcriptions,adb/advisories/github-reviewed/2026/03/GHSA-g39v-qrj6-jxrh/GHSA-g39v-qrj6-jxrh.json
GHSA-3458-r943-hmx4,CVE-2026-26060,2026-03-27,Go,github.com/fleetdm/fleet/v4,CWE-613,MODERATE,"stale,token_after",Fleet: Password reset tokens remain valid after password change for 24 hours,adb/advisories/github-reviewed/2026/03/GHSA-3458-r943-hmx4/GHSA-3458-r943-hmx4.json
GHSA-gjxx-92w9-8v8f,CVE-2026-34076,2026-03-27,npm,"@clerk/backend,@clerk/express,@clerk/fastify,@clerk/hono",CWE-918,HIGH,revoke,Clerk: SSRF in the opt-in clerkFrontendApiProxy feature may leak secret keys to unintended host,adb/advisories/github-reviewed/2026/03/GHSA-gjxx-92w9-8v8f/GHSA-gjxx-92w9-8v8f.json
GHSA-vqqj-9cmv-hx43,CVE-2026-28369,2026-03-27,Maven,io.undertow:undertow-parent,CWE-444,HIGH,cache_perm,Undertow is Vulnerable to HTTP Request/Response Smuggling,adb/advisories/github-reviewed/2026/03/GHSA-vqqj-9cmv-hx43/GHSA-vqqj-9cmv-hx43.json
GHSA-x34h-54cw-9825,CVE-2026-34042,2026-03-27,Go,github.com/nektos/act,CWE-862,HIGH,cache_perm,act: actions/cache server allows malicious cache injection,adb/advisories/github-reviewed/2026/03/GHSA-x34h-54cw-9825/GHSA-x34h-54cw-9825.json
GHSA-w73w-g5xw-rwhf,CVE-2026-34224,2026-03-29,npm,parse-server,CWE-367,LOW,"revoke,even_after",Parse Server has an MFA single-use token bypass via concurrent authData login requests,adb/advisories/github-reviewed/2026/03/GHSA-w73w-g5xw-rwhf/GHSA-w73w-g5xw-rwhf.json
GHSA-vr79-8m62-wh98,CVE-2026-34361,2026-03-30,Maven,ca.uhn.hapi.fhir:org.hl7.fhir.validation,"CWE-522,CWE-552",CRITICAL,cache_perm,FHIR Validator HTTP service has SSRF via /loadIG Chains with startsWith() Credential Leak for Authentication Token Theft,adb/advisories/github-reviewed/2026/03/GHSA-vr79-8m62-wh98/GHSA-vr79-8m62-wh98.json
GHSA-2mg4-pfgx-64cf,CVE-2026-34362,2026-03-30,Packagist,wwbn/avideo,CWE-613,MODERATE,"revoke,deactivated_user,token_after",AVideo's WebSocket Token Never Expires Due to Commented-Out Timeout Validation in verifyTokenSocket(),adb/advisories/github-reviewed/2026/03/GHSA-2mg4-pfgx-64cf/GHSA-2mg4-pfgx-64cf.json
GHSA-4f9r-x588-pp2h,CVE-2026-34389,2026-03-30,Go,github.com/fleetdm/fleet/v4,CWE-287,MODERATE,revoke,Fleet's user account creation via invite does not enforce invited email address,adb/advisories/github-reviewed/2026/03/GHSA-4f9r-x588-pp2h/GHSA-4f9r-x588-pp2h.json
GHSA-2pr2-hcv6-7gwv,CVE-2026-34503,2026-03-31,npm,openclaw,CWE-613,HIGH,revoke,OpenClaw's device removal and token revocation do not terminate active WebSocket sessions,adb/advisories/github-reviewed/2026/03/GHSA-2pr2-hcv6-7gwv/GHSA-2pr2-hcv6-7gwv.json
GHSA-89hr-6x2p-8xjv,,2026-03-31,npm,openclaw,CWE-613,HIGH,revoke,Duplicate Advisory: OpenClaw's device removal and token revocation do not terminate active WebSocket sessions,adb/advisories/github-reviewed/2026/03/GHSA-89hr-6x2p-8xjv/GHSA-89hr-6x2p-8xjv.json
GHSA-hvc7-763r-4f3h,,2026-04-01,PyPI,openssl-encrypt,CWE-862,MODERATE,revoke,openssl-encrypt has no owner verification on key revocation — any client can revoke any key,adb/advisories/github-reviewed/2026/04/GHSA-hvc7-763r-4f3h/GHSA-hvc7-763r-4f3h.json
GHSA-4vxv-4xq4-p84h,CVE-2026-34570,2026-04-01,Packagist,ci4-cms-erp/ci4ms,"CWE-1254,CWE-284,CWE-613",HIGH,"revoke,deactivated_user,retain_access",CI4MS: Account Deletion Module Grants Full Persistent Unauthorized Access for All‑Roles via Improper Session Invalidation (Logic Flaw),adb/advisories/github-reviewed/2026/04/GHSA-4vxv-4xq4-p84h/GHSA-4vxv-4xq4-p84h.json
GHSA-h5j9-cvrw-v5qh,CVE-2026-34828,2026-04-01,Go,github.com/knadh/listmonk,CWE-613,HIGH,"revoke,retain_access,session_not_invalidated,even_after",listmonk's active sessions remain valid after password reset and password change,adb/advisories/github-reviewed/2026/04/GHSA-h5j9-cvrw-v5qh/GHSA-h5j9-cvrw-v5qh.json
GHSA-38rh-4v39-vfxv,CVE-2026-34737,2026-04-01,Packagist,wwbn/avideo,CWE-862,MODERATE,removed_access,AVideo: Arbitrary Stripe Subscription Cancellation via Debug Endpoint and retrieveSubscriptions() Bug,adb/advisories/github-reviewed/2026/04/GHSA-38rh-4v39-vfxv/GHSA-38rh-4v39-vfxv.json
GHSA-8fq3-c5w3-pj3q,CVE-2026-34572,2026-04-01,Packagist,ci4-cms-erp/ci4ms,"CWE-1254,CWE-284,CWE-613",HIGH,"revoke,deactivated_user,retain_access",CI4MS: Account Deactivation Module Grants Full Persistent Unauthorized Access for All‑Roles via Improper Session Invalidation (Logic Flaw),adb/advisories/github-reviewed/2026/04/GHSA-8fq3-c5w3-pj3q/GHSA-8fq3-c5w3-pj3q.json
GHSA-rfqg-qgf8-xr9x,CVE-2026-41356,2026-04-03,npm,openclaw,CWE-613,LOW,revoke,OpenClaw: Gateway `device.token.rotate` does not terminate active WebSocket sessions after credential rotation,adb/advisories/github-reviewed/2026/04/GHSA-rfqg-qgf8-xr9x/GHSA-rfqg-qgf8-xr9x.json
GHSA-x2m8-53h4-6hch,CVE-2026-41382,2026-04-03,npm,openclaw,CWE-862,LOW,stale,"OpenClaw: Discord voice ingress authorization can be bypassed via channel, name, and stale-role validation gaps",adb/advisories/github-reviewed/2026/04/GHSA-x2m8-53h4-6hch/GHSA-x2m8-53h4-6hch.json
GHSA-rp9m-7r4c-75qg,CVE-2026-35039,2026-04-03,npm,fast-jwt,"CWE-1289,CWE-345,CWE-706",CRITICAL,cache_perm,fast-jwt: Cache Confusion via cacheKeyBuilder Collisions Can Return Claims From a Different Token (Identity/Authorization Mixup),adb/advisories/github-reviewed/2026/04/GHSA-rp9m-7r4c-75qg/GHSA-rp9m-7r4c-75qg.json
GHSA-3pm9-5j7m-59vc,CVE-2026-41388,2026-04-03,npm,openclaw,CWE-436,LOW,revoke,OpenClaw: Tlon Startup Migration Rehydrates Empty-Array Revocations From File Config,adb/advisories/github-reviewed/2026/04/GHSA-3pm9-5j7m-59vc/GHSA-3pm9-5j7m-59vc.json
GHSA-f2g3-hh2r-cwgc,CVE-2026-35172,2026-04-06,Go,"github.com/distribution/distribution,github.com/distribution/distribution/v3",CWE-284,HIGH,"revoke,stale",Distribution: stale blob access resurrection via repo-scoped redis descriptor cache invalidation,adb/advisories/github-reviewed/2026/04/GHSA-f2g3-hh2r-cwgc/GHSA-f2g3-hh2r-cwgc.json
GHSA-jwvj-g8pc-cx45,CVE-2026-34972,2026-04-07,Go,github.com/openfga/openfga,CWE-863,MODERATE,cache_perm,OpenFGA's BatchCheck within-request deduplication produces incorrect authorization decisions via list-value cache-key collision,adb/advisories/github-reviewed/2026/04/GHSA-jwvj-g8pc-cx45/GHSA-jwvj-g8pc-cx45.json
GHSA-hwr4-mq23-wcv5,CVE-2026-39972,2026-04-08,Go,github.com/dunglas/mercure,CWE-1289,HIGH,cache_perm,mercure has Topic Selector Cache Key Collision,adb/advisories/github-reviewed/2026/04/GHSA-hwr4-mq23-wcv5/GHSA-hwr4-mq23-wcv5.json
GHSA-v9w4-gm2x-6rvf,CVE-2026-35604,2026-04-08,Go,github.com/filebrowser/filebrowser/v2,CWE-863,HIGH,revoke,File Browser share links remain accessible after Share/Download permissions are revoked,adb/advisories/github-reviewed/2026/04/GHSA-v9w4-gm2x-6rvf/GHSA-v9w4-gm2x-6rvf.json
GHSA-3j3q-wp9x-585p,CVE-2026-39429,2026-04-08,Go,github.com/kcp-dev/kcp,"CWE-302,CWE-306,CWE-862",HIGH,cache_perm,kcp's cache server is accessible without authentication or authorization checks,adb/advisories/github-reviewed/2026/04/GHSA-3j3q-wp9x-585p/GHSA-3j3q-wp9x-585p.json
GHSA-6wgr-89rj-399p,CVE-2026-34988,2026-04-09,crates.io,wasmtime,CWE-119,LOW,still_able,Wasmtime has data leakage between pooling allocator instances,adb/advisories/github-reviewed/2026/04/GHSA-6wgr-89rj-399p/GHSA-6wgr-89rj-399p.json
GHSA-c92r-g8j5-vhcx,CVE-2025-57735,2026-04-09,PyPI,apache-airflow,CWE-613,CRITICAL,token_after,Apache Airflow: JWT token still valid after logout,adb/advisories/github-reviewed/2026/04/GHSA-c92r-g8j5-vhcx/GHSA-c92r-g8j5-vhcx.json
GHSA-c3h3-89qf-jqm5,CVE-2026-34179,2026-04-10,Go,github.com/canonical/lxd,CWE-915,CRITICAL,cache_perm,LXD: Update of type field in restricted TLS certificate allows privilege escalation to cluster admin,adb/advisories/github-reviewed/2026/04/GHSA-c3h3-89qf-jqm5/GHSA-c3h3-89qf-jqm5.json
GHSA-96q5-xm3p-7m84,CVE-2026-35594,2026-04-10,Go,code.vikunja.io/api,CWE-613,MODERATE,"revoke,removed_access,token_after",Vikunja: Link Share JWT tokens remain valid for 72 hours after share deletion or permission downgrade,adb/advisories/github-reviewed/2026/04/GHSA-96q5-xm3p-7m84/GHSA-96q5-xm3p-7m84.json
GHSA-f24x-5g9q-753f,CVE-2026-34454,2026-04-14,Go,github.com/oauth2-proxy/oauth2-proxy/v7,"CWE-384,CWE-613",LOW,session_not_invalidated,OAuth2 Proxy's session cookies are not cleared when rendering sign-in page,adb/advisories/github-reviewed/2026/04/GHSA-f24x-5g9q-753f/GHSA-f24x-5g9q-753f.json
GHSA-5h6h-7rc9-3824,CVE-2026-40876,2026-04-14,Go,"github.com/patrickhener/goshs,github.com/patrickhener/goshs/v2",CWE-22,HIGH,still_able,SFTP root escape via prefix-based path validation in goshs,adb/advisories/github-reviewed/2026/04/GHSA-5h6h-7rc9-3824/GHSA-5h6h-7rc9-3824.json
GHSA-66hx-chf7-3332,CVE-2026-41133,2026-04-14,PyPI,pyload-ng,CWE-613,HIGH,"revoke,session_not_invalidated,stale,cache_perm,even_after",pyLoad has Stale Session Privilege After Role/Permission Change (Privilege Revocation Bypass),adb/advisories/github-reviewed/2026/04/GHSA-66hx-chf7-3332/GHSA-66hx-chf7-3332.json
GHSA-355h-qmc2-wpwf,CVE-2026-2332,2026-04-14,Maven,org.eclipse.jetty:jetty-http,CWE-444,HIGH,cache_perm,Jetty has HTTP Request Smuggling via Chunked Extension Quoted-String Parsing,adb/advisories/github-reviewed/2026/04/GHSA-355h-qmc2-wpwf/GHSA-355h-qmc2-wpwf.json
GHSA-jq2f-59pj-p3m3,CVE-2026-41128,2026-04-14,Packagist,craftcms/cms,CWE-862,MODERATE,revoke,Craft CMS has a Missing Authorization Check on User Group Removal via save-permissions Action,adb/advisories/github-reviewed/2026/04/GHSA-jq2f-59pj-p3m3/GHSA-jq2f-59pj-p3m3.json
GHSA-fj52-5g4h-gmq8,,2026-04-14,PyPI,pyload-ng,CWE-613,LOW,session_not_invalidated,pyLoad's Session Not Invalidated After Permission Changes,adb/advisories/github-reviewed/2026/04/GHSA-fj52-5g4h-gmq8/GHSA-fj52-5g4h-gmq8.json
GHSA-xhq9-58fw-859p,CVE-2026-33888,2026-04-16,npm,apostrophe,"CWE-200,CWE-863",MODERATE,cache_perm,ApostropheCMS: publicApiProjection Bypass via project Query Builder in Piece-Type REST API,adb/advisories/github-reviewed/2026/04/GHSA-xhq9-58fw-859p/GHSA-xhq9-58fw-859p.json
GHSA-jhm7-29pj-4xvf,CVE-2026-41213,2026-04-16,npm,@node-oauth/oauth2-server,"CWE-1289,CWE-307",MODERATE,revoke,@node-oauth/oauth2-server: PKCE code_verifier ABNF not enforced in token exchange allows brute-force redemption of intercepted authorization codes,adb/advisories/github-reviewed/2026/04/GHSA-jhm7-29pj-4xvf/GHSA-jhm7-29pj-4xvf.json
GHSA-3xx2-mqjm-hg9x,,2026-04-16,npm,@paperclipai/server,CWE-639,CRITICAL,revoke,Paperclip: Cross-tenant agent API key IDOR in `/agents/:id/keys` routes allows full victim-company compromise,adb/advisories/github-reviewed/2026/04/GHSA-3xx2-mqjm-hg9x/GHSA-3xx2-mqjm-hg9x.json
GHSA-w59f-67xm-rxx7,CVE-2026-41228,2026-04-16,Packagist,froxlor/froxlor,CWE-98,CRITICAL,retain_access,Froxlor has Local File Inclusion via path traversal in API `def_language` parameter leads to Remote Code Execution,adb/advisories/github-reviewed/2026/04/GHSA-w59f-67xm-rxx7/GHSA-w59f-67xm-rxx7.json
GHSA-47wq-cj9q-wpmp,,2026-04-16,npm,@paperclipai/server,"CWE-1220,CWE-285,CWE-639,CWE-862",CRITICAL,revoke,Paperclip: Cross-tenant agent API token minting via missing assertCompanyAccess on /api/agents/:id/keys,adb/advisories/github-reviewed/2026/04/GHSA-47wq-cj9q-wpmp/GHSA-47wq-cj9q-wpmp.json
GHSA-xmxx-7p24-h892,CVE-2026-43585,2026-04-17,npm,openclaw,"CWE-324,CWE-672",CRITICAL,"revoke,token_after",OpenClaw: Gateway HTTP endpoints re-resolve bearer auth after SecretRef rotation,adb/advisories/github-reviewed/2026/04/GHSA-xmxx-7p24-h892/GHSA-xmxx-7p24-h892.json
GHSA-78mf-482w-62qj,CVE-2026-34403,2026-04-21,Go,github.com/0xJacky/Nginx-UI,"CWE-1385,CWE-352",HIGH,revoke,Nginx-UI: Cross-Site WebSocket Hijacking (CSWSH) via missing origin validation on all WebSocket endpoints,adb/advisories/github-reviewed/2026/04/GHSA-78mf-482w-62qj/GHSA-78mf-482w-62qj.json
GHSA-6vgr-cp5c-ffx3,CVE-2026-39946,2026-04-21,Go,github.com/openbao/openbao,CWE-89,MODERATE,revoke,OpenBao's SQL Injection in PostgreSQL database secrets engine,adb/advisories/github-reviewed/2026/04/GHSA-6vgr-cp5c-ffx3/GHSA-6vgr-cp5c-ffx3.json
GHSA-x234-x5vq-cc2v,CVE-2026-33031,2026-04-21,Go,github.com/0xJacky/Nginx-UI,"CWE-284,CWE-863",HIGH,"revoke,deactivated_user,even_after",Nginx-UI: Disabled users retain full API access through previously issued bearer tokens,adb/advisories/github-reviewed/2026/04/GHSA-x234-x5vq-cc2v/GHSA-x234-x5vq-cc2v.json
GHSA-p49j-v9wc-wg57,CVE-2026-40264,2026-04-21,Go,github.com/openbao/openbao,CWE-1259,LOW,revoke,"OpenBao's Token Store Allows Cross-Namespace Renewal, Revocation",adb/advisories/github-reviewed/2026/04/GHSA-p49j-v9wc-wg57/GHSA-p49j-v9wc-wg57.json
GHSA-wgx6-g857-jjf7,CVE-2026-42084,2026-04-22,RubyGems,openc3,CWE-620,HIGH,"revoke,session_not_invalidated",OpenC3 COSMOS: Hijacked session token can be used to reset password for persistence,adb/advisories/github-reviewed/2026/04/GHSA-wgx6-g857-jjf7/GHSA-wgx6-g857-jjf7.json
GHSA-9mv3-2cwr-p262,CVE-2026-40372,2026-04-23,NuGet,Microsoft.AspNetCore.DataProtection,CWE-347,CRITICAL,"revoke,token_after",Microsoft Security Advisory CVE-2026-40372 – ASP.NET Core Elevation of Privilege,adb/advisories/github-reviewed/2026/04/GHSA-9mv3-2cwr-p262/GHSA-9mv3-2cwr-p262.json
GHSA-82j2-j2ch-gfr8,,2026-04-24,crates.io,rustls-webpki,CWE-125,HIGH,revoke,rustls-webpki: Denial of service via panic on malformed CRL BIT STRING,adb/advisories/github-reviewed/2026/04/GHSA-82j2-j2ch-gfr8/GHSA-82j2-j2ch-gfr8.json
GHSA-3gr9-485j-v4xf,CVE-2026-41572,2026-04-25,Go,github.com/enchant97/note-mark/backend,CWE-285,MODERATE,"revoke,retain_access",Note Mark: Unauthenticated read of notes and assets in soft-deleted public books,adb/advisories/github-reviewed/2026/04/GHSA-3gr9-485j-v4xf/GHSA-3gr9-485j-v4xf.json
GHSA-537j-gqpc-p7fq,CVE-2026-42235,2026-04-29,npm,n8n,"CWE-79,CWE-87",HIGH,revoke,n8n Vulnerable to XSS via MCP OAuth client,adb/advisories/github-reviewed/2026/04/GHSA-537j-gqpc-p7fq/GHSA-537j-gqpc-p7fq.json
GHSA-9xx5-cv6j-x533,CVE-2026-41671,2026-04-29,Packagist,admidio/admidio,CWE-287,MODERATE,"revoke,token_after",Admidio: OIDC Token Introspection Endpoint Returns Active for All Tokens Without Validation,adb/advisories/github-reviewed/2026/04/GHSA-9xx5-cv6j-x533/GHSA-9xx5-cv6j-x533.json
GHSA-6j8j-4qp3-36p2,CVE-2026-41519,2026-04-30,PyPI,weblate,CWE-613,MODERATE,revoke,Weblate Doesn't Invalidate API Token on Password Change,adb/advisories/github-reviewed/2026/04/GHSA-6j8j-4qp3-36p2/GHSA-6j8j-4qp3-36p2.json
GHSA-5hfv-c864-qcq9,CVE-2026-41891,2026-05-04,Packagist,ci4-cms-erp/ci4ms,CWE-613,MODERATE,"revoke,deactivated_user",CI4MS has a Deactivated User Session Bypass (active=0),adb/advisories/github-reviewed/2026/05/GHSA-5hfv-c864-qcq9/GHSA-5hfv-c864-qcq9.json
GHSA-fv26-4939-62fh,CVE-2026-42569,2026-05-04,Packagist,nabeel/phpvms,"CWE-284,CWE-306,CWE-862",CRITICAL,removed_access,phpVMS has an /importer authorization bypass causing full database wipe,adb/advisories/github-reviewed/2026/05/GHSA-fv26-4939-62fh/GHSA-fv26-4939-62fh.json
GHSA-g27r-r6ph-vf5r,,2026-05-04,crates.io,sequoia-git,CWE-299,LOW,revoke,sequoia-git has broken hard revocation handling,adb/advisories/github-reviewed/2026/05/GHSA-g27r-r6ph-vf5r/GHSA-g27r-r6ph-vf5r.json
GHSA-5mrq-x3x5-8v8f,CVE-2026-40934,2026-05-05,PyPI,jupyter-server,CWE-613,HIGH,"revoke,even_after",Jupyter Server's Authentication Cookies Remain Valid After Password Reset and Server Restart,adb/advisories/github-reviewed/2026/05/GHSA-5mrq-x3x5-8v8f/GHSA-5mrq-x3x5-8v8f.json
GHSA-fj4g-2p96-q6m3,CVE-2026-42856,2026-05-05,npm,network-ai,CWE-306,HIGH,revoke,"Network-AI missing authentication on MCP HTTP endpoint, which allows unauthenticated privileged tool calls",adb/advisories/github-reviewed/2026/05/GHSA-fj4g-2p96-q6m3/GHSA-fj4g-2p96-q6m3.json
GHSA-pq7p-mc74-g65w,CVE-2026-44166,2026-05-05,Go,github.com/pocketbase/pocketbase,CWE-287,MODERATE,retain_access,PocketBase vulnerable to account pre-hijacking via OAuth2 unverfied->verified autolinking upgrade,adb/advisories/github-reviewed/2026/05/GHSA-pq7p-mc74-g65w/GHSA-pq7p-mc74-g65w.json
GHSA-xw8c-rrvx-f7xq,CVE-2026-44219,2026-05-05,PyPI,ciguard,CWE-770,MODERATE,stale,ciguard: SCA HTTP client reads response body without size cap,adb/advisories/github-reviewed/2026/05/GHSA-xw8c-rrvx-f7xq/GHSA-xw8c-rrvx-f7xq.json
GHSA-fqvv-jvhr-g5jc,CVE-2026-42864,2026-05-05,PyPI,firefighter-incident,"CWE-306,CWE-918",CRITICAL,revoke,FireFighter has unauthenticated SSRF in its Raid jira_bot endpoint that allows IAM credential theft,adb/advisories/github-reviewed/2026/05/GHSA-fqvv-jvhr-g5jc/GHSA-fqvv-jvhr-g5jc.json
GHSA-rm98-82fr-mcfx,CVE-2026-45007,2026-05-06,Packagist,"phpmyfaq/phpmyfaq,thorsten/phpmyfaq",CWE-862,MODERATE,cache_perm,phpMyFAQ's Missing CONFIGURATION_EDIT Permission Check on 12 Admin API Configuration Tab Endpoints Allows Information Disclosure by Any Authenticated User,adb/advisories/github-reviewed/2026/05/GHSA-rm98-82fr-mcfx/GHSA-rm98-82fr-mcfx.json
GHSA-m8wm-r5vq-qjpg,,2026-05-06,npm,openclaw,CWE-672,CRITICAL,"revoke,token_after",Duplicate Advisory: OpenClaw: Gateway HTTP endpoints re-resolve bearer auth after SecretRef rotation,adb/advisories/github-reviewed/2026/05/GHSA-m8wm-r5vq-qjpg/GHSA-m8wm-r5vq-qjpg.json
GHSA-6447-269v-g68m,,2026-05-06,Go,github.com/mezo-org/mezod,CWE-662,HIGH,stale,Mezo: ERC-20 bridgeOut burn can be erased by a stale StateDB overwrite leading to full L1 bridge drain,adb/advisories/github-reviewed/2026/05/GHSA-6447-269v-g68m/GHSA-6447-269v-g68m.json
GHSA-vr7c-r5gj-j3w5,CVE-2026-44305,2026-05-06,PyPI,lemur,CWE-295,MODERATE,revoke,Lemur: LDAP Authentication Globally Disables TLS Certificate Verification When LDAP_USE_TLS Is Enabled,adb/advisories/github-reviewed/2026/05/GHSA-vr7c-r5gj-j3w5/GHSA-vr7c-r5gj-j3w5.json
GHSA-cqmh-pcgr-q42f,,2026-05-06,npm,@axonflow/openclaw,"CWE-552,CWE-732",MODERATE,cache_perm,@axonflow/openclaw fix introduces plugin cache and credential-file permission hardening,adb/advisories/github-reviewed/2026/05/GHSA-cqmh-pcgr-q42f/GHSA-cqmh-pcgr-q42f.json
GHSA-95q8-x6r6-672m,,2026-05-06,crates.io,lemmy_api,CWE-862,MODERATE,retain_access,"Lemmy may expose private community data through community, saved, liked, and modlog API views",adb/advisories/github-reviewed/2026/05/GHSA-95q8-x6r6-672m/GHSA-95q8-x6r6-672m.json
GHSA-4cx3-3c38-j9vv,CVE-2026-44511,2026-05-07,RubyGems,katalyst-koi,CWE-613,HIGH,session_not_invalidated,katalyst-koi: Session cookies can be replayed after user logout,adb/advisories/github-reviewed/2026/05/GHSA-4cx3-3c38-j9vv/GHSA-4cx3-3c38-j9vv.json
GHSA-fpw6-hrg5-q5x5,,2026-05-07,Go,github.com/lin-snow/ech0,"CWE-613,CWE-755",HIGH,revoke,"ech0's acess tokens with expiry=never cannot be revoked: logout panics, delete does not blacklist JTI",adb/advisories/github-reviewed/2026/05/GHSA-fpw6-hrg5-q5x5/GHSA-fpw6-hrg5-q5x5.json
GHSA-258c-965c-p3hc,,2026-05-07,Go,github.com/daptin/daptin,CWE-613,MODERATE,"revoke,session_not_invalidated,token_after",Daptin's Session Management Vulnerability Leads to Insufficient Session Expiration After Password Change,adb/advisories/github-reviewed/2026/05/GHSA-258c-965c-p3hc/GHSA-258c-965c-p3hc.json
GHSA-w37p-236h-pfx3,CVE-2026-44484,2026-05-07,PyPI,pytorch-lightning,CWE-506,CRITICAL,revoke,Compromise of PyTorch Lightning PyPi Package Versions,adb/advisories/github-reviewed/2026/05/GHSA-w37p-236h-pfx3/GHSA-w37p-236h-pfx3.json
GHSA-h36f-rqpx-j5wx,CVE-2026-44560,2026-05-08,PyPI,open-webui,CWE-862,MODERATE,revoke,Open WebUI has Unauthorized File and Knowledge Base Content Access via RAG Vector Search,adb/advisories/github-reviewed/2026/05/GHSA-h36f-rqpx-j5wx/GHSA-h36f-rqpx-j5wx.json
GHSA-hmgr-67hw-j2cq,CVE-2026-44561,2026-05-08,PyPI,open-webui,"CWE-284,CWE-863",MODERATE,deactivated_user,Open WebUI: Deactivated Channel Members Retain Full Access to Group/DM Channels,adb/advisories/github-reviewed/2026/05/GHSA-hmgr-67hw-j2cq/GHSA-hmgr-67hw-j2cq.json
GHSA-45m8-cpm2-3v65,CVE-2026-44553,2026-05-08,PyPI,open-webui,"CWE-384,CWE-613,CWE-863",HIGH,"revoke,deactivated_user,stale,cache_perm",Open WebUI: Stale Admin Role in Socket.IO Session Pool Enables Post-Demotion Cross-User Note Access,adb/advisories/github-reviewed/2026/05/GHSA-45m8-cpm2-3v65/GHSA-45m8-cpm2-3v65.json
GHSA-3x8w-4f7p-xxc2,CVE-2026-44552,2026-05-08,PyPI,open-webui,CWE-668,HIGH,"revoke,stale",Open WebUI: Redis Cache Keys tool_servers and terminal_servers Missing Instance Prefix Enable Cross-Instance Cache Poisoning,adb/advisories/github-reviewed/2026/05/GHSA-3x8w-4f7p-xxc2/GHSA-3x8w-4f7p-xxc2.json
GHSA-7hgr-xvrr-xpw3,,2026-05-08,Go,github.com/nhost/nhost,CWE-613,LOW,"revoke,token_after",nhost has Session Persistence After Password Change,adb/advisories/github-reviewed/2026/05/GHSA-7hgr-xvrr-xpw3/GHSA-7hgr-xvrr-xpw3.json
GHSA-p77w-8qqv-26rm,CVE-2026-44457,2026-05-09,npm,hono,CWE-524,MODERATE,cache_perm,Hono's Cache Middleware ignores Vary: Authorization / Vary: Cookie leading to cross-user cache leakage,adb/advisories/github-reviewed/2026/05/GHSA-p77w-8qqv-26rm/GHSA-p77w-8qqv-26rm.json
GHSA-6xcp-7mpr-m7wm,,2026-05-11,PyPI,open-webui,CWE-613,HIGH,session_not_invalidated,Open WebUI has a CORS misconfiguration and session validation issue,adb/advisories/github-reviewed/2026/05/GHSA-6xcp-7mpr-m7wm/GHSA-6xcp-7mpr-m7wm.json
GHSA-q8w6-w55c-ccv5,CVE-2026-6420,2026-05-11,PyPI,keylime,"CWE-1241,CWE-294,CWE-329,CWE-547",MODERATE,revoke,Keylime has a hardcoded attestation challenge nonce that allows replay attacks,adb/advisories/github-reviewed/2026/05/GHSA-q8w6-w55c-ccv5/GHSA-q8w6-w55c-ccv5.json
GHSA-crmx-4p49-46m2,CVE-2026-34970,2026-05-11,Packagist,mantisbt/mantisbt,CWE-200,MODERATE,revoke,MantisBT: Bugnote Revision Page Leaks Private Issue Metadata After Issue Access Is Revoked,adb/advisories/github-reviewed/2026/05/GHSA-crmx-4p49-46m2/GHSA-crmx-4p49-46m2.json
GHSA-gmjg-hv98-qggq,CVE-2026-44339,2026-05-11,PyPI,"PraisonAI,praisonaiagents",CWE-470,HIGH,retain_access,PraisonAI has unsafe tool resolution in `ToolExecutionMixin.execute_tool`: undeclared `__main__` callables execute,adb/advisories/github-reviewed/2026/05/GHSA-gmjg-hv98-qggq/GHSA-gmjg-hv98-qggq.json
GHSA-wmm3-h9qj-p5v6,CVE-2026-44648,2026-05-12,npm,sillytavern,CWE-613,HIGH,"revoke,retain_access,session_not_invalidated,even_after","SillyTavern: Existing sessions are not invalidated after password change, allowing session reuse and account takeover",adb/advisories/github-reviewed/2026/05/GHSA-wmm3-h9qj-p5v6/GHSA-wmm3-h9qj-p5v6.json
GHSA-wfhv-mj62-f5xh,CVE-2026-33381,2026-05-13,Go,github.com/grafana/grafana,CWE-284,MODERATE,revoke,Grafana: Users can generate Service Account tokens after permissions removal,adb/advisories/github-reviewed/2026/05/GHSA-wfhv-mj62-f5xh/GHSA-wfhv-mj62-f5xh.json
GHSA-v25j-wqcw-fvhj,,2026-05-13,PyPI,wger,CWE-400,MODERATE,cache_perm,wger has an Uncontrolled Resource Consumption issue,adb/advisories/github-reviewed/2026/05/GHSA-v25j-wqcw-fvhj/GHSA-v25j-wqcw-fvhj.json
GHSA-hvp3-26wx-g2w4,CVE-2026-22706,2026-05-13,npm,"@strapi/admin,@strapi/plugin-users-permissions",CWE-613,LOW,revoke,Strapi: Password Reset Does Not Revoke Existing Refresh Sessions,adb/advisories/github-reviewed/2026/05/GHSA-hvp3-26wx-g2w4/GHSA-hvp3-26wx-g2w4.json
GHSA-rrmm-9v76-h3p4,CVE-2026-44848,2026-05-14,Go,github.com/portainer/portainer,CWE-862,CRITICAL,revoke,"Portainer missing authorization on Docker plugin endpoints, which allows host RCE",adb/advisories/github-reviewed/2026/05/GHSA-rrmm-9v76-h3p4/GHSA-rrmm-9v76-h3p4.json
GHSA-m8f9-9whg-f4xr,CVE-2026-45315,2026-05-14,PyPI,open-webui,"CWE-434,CWE-646,CWE-79",HIGH,revoke,Open WebUI has stored XSS via attacker-controlled file extension in /api/v1/audio/transcriptions,adb/advisories/github-reviewed/2026/05/GHSA-m8f9-9whg-f4xr/GHSA-m8f9-9whg-f4xr.json
GHSA-p4fx-23fq-jfg6,CVE-2026-45395,2026-05-14,npm,open-webui,"CWE-269,CWE-862",HIGH,revoke,Open WebUI: Missing `workspace.tools` Authorization Check on Tool Update Endpoint Allows Privilege Escalation to Code Execution,adb/advisories/github-reviewed/2026/05/GHSA-p4fx-23fq-jfg6/GHSA-p4fx-23fq-jfg6.json
GHSA-6h4j-wcr9-2vg7,CVE-2026-45732,2026-05-14,npm,n8n,CWE-639,HIGH,revoke,n8n Has a Cross-user Authorization Bypass in Dynamic Credential OAuth Endpoints,adb/advisories/github-reviewed/2026/05/GHSA-6h4j-wcr9-2vg7/GHSA-6h4j-wcr9-2vg7.json
GHSA-7fw3-x4r2-g7wc,CVE-2026-44850,2026-05-14,Go,github.com/portainer/portainer,CWE-863,HIGH,revoke,Portainer has a bind-mount restriction bypass via HostConfig.Mounts,adb/advisories/github-reviewed/2026/05/GHSA-7fw3-x4r2-g7wc/GHSA-7fw3-x4r2-g7wc.json
GHSA-5fxq-qcf3-244w,CVE-2026-44849,2026-05-14,Go,github.com/portainer/portainer,CWE-862,CRITICAL,revoke,Portainer has an endpoint security bypass via Swarm service create/update,adb/advisories/github-reviewed/2026/05/GHSA-5fxq-qcf3-244w/GHSA-5fxq-qcf3-244w.json
GHSA-4g37-7p2c-38r9,CVE-2026-45398,2026-05-14,PyPI,open-webui,CWE-639,HIGH,revoke,Open WebUI Vulnerable to IDOR: Retrieval API Bypasses Knowledge Base Access Controls,adb/advisories/github-reviewed/2026/05/GHSA-4g37-7p2c-38r9/GHSA-4g37-7p2c-38r9.json
GHSA-p26v-fx3x-r2rp,,2026-05-15,Packagist,"phpmyfaq/phpmyfaq,thorsten/phpmyfaq",CWE-862,MODERATE,cache_perm,Duplicate Advisory: phpMyFAQ's Missing CONFIGURATION_EDIT Permission Check on 12 Admin API Configuration Tab Endpoints Allows Information Disclosure by Any Authenticated User,adb/advisories/github-reviewed/2026/05/GHSA-p26v-fx3x-r2rp/GHSA-p26v-fx3x-r2rp.json
GHSA-v549-xx3c-6pc8,CVE-2026-3637,2026-05-18,Go,"github.com/mattermost/mattermost-server,github.com/mattermost/mattermost/server/v8",CWE-862,MODERATE,revoke,Mattermost doesn't check the create_post channel permission during post edit operations,adb/advisories/github-reviewed/2026/05/GHSA-v549-xx3c-6pc8/GHSA-v549-xx3c-6pc8.json
GHSA-6vp2-6r7m-2jvx,CVE-2026-46424,2026-05-19,npm,@budibase/backend-core,CWE-269,MODERATE,"revoke,retain_access,stale,cache_perm,role_change",Budibase: Missing Cache Invalidation on Public API Role Unassignment Allows Revoked Users to Retain Privileges for Up to 1 Hour,adb/advisories/github-reviewed/2026/05/GHSA-6vp2-6r7m-2jvx/GHSA-6vp2-6r7m-2jvx.json
GHSA-83c4-ffjp-mxp9,CVE-2026-8922,2026-05-19,Maven,org.keycloak:keycloak-services,CWE-303,MODERATE,revoke,Keycloak: Revoked Tokens Can Remain Active When Both Realm-Level and Client-Level `notBefore` Revocation Policies are Configured,adb/advisories/github-reviewed/2026/05/GHSA-83c4-ffjp-mxp9/GHSA-83c4-ffjp-mxp9.json
GHSA-6xwp-cp5h-q856,CVE-2026-46412,2026-05-19,npm,@beproduct/nestjs-auth,CWE-506,CRITICAL,revoke,Malicious code in @beproduct/nestjs-auth (0.1.2 through 0.1.19) — Mini Shai-Hulud worm,adb/advisories/github-reviewed/2026/05/GHSA-6xwp-cp5h-q856/GHSA-6xwp-cp5h-q856.json
GHSA-4f8r-922h-2vgv,CVE-2026-46679,2026-05-21,npm,@libp2p/gossipsub,"CWE-20,CWE-400,CWE-401",HIGH,removed_access,js-libp2p: Memory DoS via subscription flood of unique topics,adb/advisories/github-reviewed/2026/05/GHSA-4f8r-922h-2vgv/GHSA-4f8r-922h-2vgv.json
GHSA-f76x-f9vj-92jv,CVE-2026-46554,2026-05-21,npm,nocodb,CWE-613,LOW,"revoke,stale",NocoDB: Stale Auth Cache After API Token Deletion,adb/advisories/github-reviewed/2026/05/GHSA-f76x-f9vj-92jv/GHSA-f76x-f9vj-92jv.json
GHSA-chqv-vrj7-qffp,CVE-2026-46552,2026-05-21,npm,nocodb,CWE-285,MODERATE,"revoke,even_after",NocoDB: Shared-base link access can invite arbitrary users as persistent base members,adb/advisories/github-reviewed/2026/05/GHSA-chqv-vrj7-qffp/GHSA-chqv-vrj7-qffp.json
GHSA-97r5-pg8x-p63p,CVE-2026-46715,2026-05-22,PyPI,Flask-Security-Too,CWE-287,MODERATE,stale,Flask-Security-Too OAuth reauthentication freshness bypass via cross-   user OAuth identity acceptance,adb/advisories/github-reviewed/2026/05/GHSA-97r5-pg8x-p63p/GHSA-97r5-pg8x-p63p.json
GHSA-fcvm-3cpj-f9qx,CVE-2026-43827,2026-05-26,Maven,org.apache.shiro:shiro-core,CWE-384,MODERATE,session_not_invalidated,Apache Shiro has a session fixation vulnerability,adb/advisories/github-reviewed/2026/05/GHSA-fcvm-3cpj-f9qx/GHSA-fcvm-3cpj-f9qx.json
GHSA-jwcc-gv4m-93x6,CVE-2026-45704,2026-05-27,Packagist,pimcore/pimcore,CWE-863,HIGH,still_able,Pimcore has a CustomReports Share Bypass,adb/advisories/github-reviewed/2026/05/GHSA-jwcc-gv4m-93x6/GHSA-jwcc-gv4m-93x6.json
GHSA-v5g5-wwmp-jppw,CVE-2026-9802,2026-05-28,Maven,org.keycloak:keycloak-services,CWE-613,MODERATE,revoke,Keycloak has Insufficient Session Expiration,adb/advisories/github-reviewed/2026/05/GHSA-v5g5-wwmp-jppw/GHSA-v5g5-wwmp-jppw.json
GHSA-q623-f4j4-p4xj,CVE-2026-43000,2026-05-28,PyPI,keystone,"CWE-266,CWE-863",MODERATE,retain_access,OpenStack Keystone has an Incorrect Authorization issue,adb/advisories/github-reviewed/2026/05/GHSA-q623-f4j4-p4xj/GHSA-q623-f4j4-p4xj.json
GHSA-339w-3hqm-9pjc,CVE-2026-9097,2026-05-28,Go,github.com/casdoor/casdoor,CWE-298,CRITICAL,revoke,Casdoor doesn't verify that a JWT used for token exchange is still active,adb/advisories/github-reviewed/2026/05/GHSA-339w-3hqm-9pjc/GHSA-339w-3hqm-9pjc.json
GHSA-v8v8-cm84-m686,CVE-2026-45808,2026-05-28,Go,github.com/openbao/openbao,CWE-863,HIGH,revoke,OpenBao's cross-namespace lease revocation via legacy sys/revoke path bypasses ACL,adb/advisories/github-reviewed/2026/05/GHSA-v8v8-cm84-m686/GHSA-v8v8-cm84-m686.json
GHSA-r9g5-7q8j-958c,CVE-2026-47718,2026-05-28,npm,fuxa-server,"CWE-287,CWE-862",MODERATE,still_able,FUXA provides guest and invalid-token access to protected read APIs in secure mode,adb/advisories/github-reviewed/2026/05/GHSA-r9g5-7q8j-958c/GHSA-r9g5-7q8j-958c.json
GHSA-whqr-fgm5-x77q,CVE-2026-44394,2026-05-28,PyPI,keystone,CWE-863,MODERATE,retain_access,OpenStack Keystone's federated token rescoping mechanism doesn't propagate the original token's expiry to the newly issued token,adb/advisories/github-reviewed/2026/05/GHSA-whqr-fgm5-x77q/GHSA-whqr-fgm5-x77q.json
GHSA-pq65-77rc-7r8c,CVE-2026-9796,2026-05-28,Maven,org.keycloak:keycloak-server,CWE-367,MODERATE,revoke,Keycloak has a Time-of-check Time-of-use (TOCTOU) Race Condition,adb/advisories/github-reviewed/2026/05/GHSA-pq65-77rc-7r8c/GHSA-pq65-77rc-7r8c.json
GHSA-8xvp-7hj6-mcj9,CVE-2026-48501,2026-05-29,Go,github.com/cli/cli/v2,CWE-863,HIGH,revoke,"GitHub CLI has an incorrect authorization header in API requests to TUF repository mirrors via `gh attestation`, `gh release verify`, and `gh release verify-asset` commands",adb/advisories/github-reviewed/2026/05/GHSA-8xvp-7hj6-mcj9/GHSA-8xvp-7hj6-mcj9.json
GHSA-vr7m-c6v4-8cx8,CVE-2026-48726,2026-06-01,PyPI,apache-airflow,CWE-613,MODERATE,"revoke,token_after",Apache Airflow: Auth manager doesn't invalidate JWT tokens after users click logout,adb/advisories/github-reviewed/2026/06/GHSA-vr7m-c6v4-8cx8/GHSA-vr7m-c6v4-8cx8.json
GHSA-qpc8-7fxc-cm4p,CVE-2026-35193,2026-06-03,PyPI,django,CWE-524,LOW,cache_perm,Django: UpdateCacheMiddleware may disclose private cached responses by omitting Authorization from Vary,adb/advisories/github-reviewed/2026/06/GHSA-qpc8-7fxc-cm4p/GHSA-qpc8-7fxc-cm4p.json
GHSA-66q5-cj5g-wrfx,CVE-2026-50183,2026-06-04,Packagist,WWBN/AVideo,CWE-79,MODERATE,even_after,WWBN AVideo: Stored XSS via Hostile YouTube Video Title in AVideo YouTubeAPI Gallery Section,adb/advisories/github-reviewed/2026/06/GHSA-66q5-cj5g-wrfx/GHSA-66q5-cj5g-wrfx.json
GHSA-j5f8-grm9-p9fc,CVE-2026-44486,2026-06-04,npm,axios,CWE-200,HIGH,stale,Axios: Proxy-Authorization header leaks to redirect target when proxy is re-evaluated to direct connection,adb/advisories/github-reviewed/2026/06/GHSA-j5f8-grm9-p9fc/GHSA-j5f8-grm9-p9fc.json
GHSA-p92q-9vqr-4j8v,CVE-2026-44487,2026-06-04,npm,axios,CWE-201,HIGH,stale,Axios: Proxy-Authorization Credential Leak to Origin Server Across HTTP-to-HTTPS Redirect in Axios Node.js HTTP Adapter,adb/advisories/github-reviewed/2026/06/GHSA-p92q-9vqr-4j8v/GHSA-p92q-9vqr-4j8v.json
GHSA-g72g-r7m4-9x4g,CVE-2026-53926,2026-06-05,npm,nocodb,CWE-613,MODERATE,revoke,NocoDB: OAuth Tokens Persist Through Security Events,adb/advisories/github-reviewed/2026/06/GHSA-g72g-r7m4-9x4g/GHSA-g72g-r7m4-9x4g.json
GHSA-598g-h2vc-h5vg,CVE-2026-47724,2026-06-08,Go,github.com/juev/nebula-mesh,CWE-862,CRITICAL,revoke,"nebula-mesh: API endpoints lack ownership checks, enabling cross-operator privilege escalation",adb/advisories/github-reviewed/2026/06/GHSA-598g-h2vc-h5vg/GHSA-598g-h2vc-h5vg.json
GHSA-mqq6-462x-jxmm,CVE-2026-48031,2026-06-10,Go,github.com/dhax/go-base,CWE-798,CRITICAL,token_after,"Go Restful API Boilerplate: Hardcoded JWT Secret ""random"" Allows Token Forgery",adb/advisories/github-reviewed/2026/06/GHSA-mqq6-462x-jxmm/GHSA-mqq6-462x-jxmm.json
GHSA-g82f-9pw7-773w,CVE-2026-10721,2026-06-10,Packagist,concrete5/concrete5,CWE-502,HIGH,cache_perm,Concrete CMS: PHP Object Injection via unserialize() calls,adb/advisories/github-reviewed/2026/06/GHSA-g82f-9pw7-773w/GHSA-g82f-9pw7-773w.json
GHSA-8396-jffm-qx4w,CVE-2026-48096,2026-06-11,Go,github.com/openfga/openfga,"CWE-345,CWE-668",MODERATE,cache_perm,OpenFGA has cache-key delimiter injection in shared-iterator and v2 iterator that caches enables intra-store authorization-decision poisoning,adb/advisories/github-reviewed/2026/06/GHSA-8396-jffm-qx4w/GHSA-8396-jffm-qx4w.json
GHSA-p68j-q8j9-jwf5,,2026-06-13,npm,openclaw,CWE-613,MODERATE,revoke,Duplicate Advisory: OpenClaw: Slack and Zalo webhook secrets could remain active after secrets.reload,adb/advisories/github-reviewed/2026/06/GHSA-p68j-q8j9-jwf5/GHSA-p68j-q8j9-jwf5.json
GHSA-jp82-jpqv-5vv3,CVE-2026-54282,2026-06-15,PyPI,Starlette,"CWE-20,CWE-706",LOW,cache_perm,Starlette: Unvalidated request path concatenated into authority poisons request.url.hostname,adb/advisories/github-reviewed/2026/06/GHSA-jp82-jpqv-5vv3/GHSA-jp82-jpqv-5vv3.json
GHSA-2j5h-858j-5mpf,CVE-2026-54305,2026-06-16,npm,n8n,"CWE-200,CWE-284",HIGH,revoke,n8n: Cross-Tenant Credential Takeover via Dynamic Credentials EE Endpoints,adb/advisories/github-reviewed/2026/06/GHSA-2j5h-858j-5mpf/GHSA-2j5h-858j-5mpf.json
GHSA-ww63-pv5x-vfc8,CVE-2026-54321,2026-06-16,Go,github.com/daytonaio/daytona,"CWE-613,CWE-863",HIGH,revoke,Daytona: Public sandbox previews remain accessible for up to one hour after being made private,adb/advisories/github-reviewed/2026/06/GHSA-ww63-pv5x-vfc8/GHSA-ww63-pv5x-vfc8.json
GHSA-wrmq-9fc4-gwwj,,2026-06-16,npm,openclaw,CWE-613,HIGH,"revoke,token_after",Duplicate Advisory: Pairing-scoped device session could restore revoked node token authority,adb/advisories/github-reviewed/2026/06/GHSA-wrmq-9fc4-gwwj/GHSA-wrmq-9fc4-gwwj.json
GHSA-r989-7g3j-wjhw,CVE-2026-53928,2026-06-17,npm,nocodb,CWE-613,MODERATE,revoke,NocoDB: Refresh Tokens Persist Through Password Recovery,adb/advisories/github-reviewed/2026/06/GHSA-r989-7g3j-wjhw/GHSA-r989-7g3j-wjhw.json
GHSA-cx9v-4qj2-jrw6,CVE-2026-54016,2026-06-17,PyPI,open-webui,"CWE-639,CWE-862",MODERATE,revoke,Open WebUI BOLA: `search_knowledge_files` Allows Unauthorized Knowledge Base File Enumeration,adb/advisories/github-reviewed/2026/06/GHSA-cx9v-4qj2-jrw6/GHSA-cx9v-4qj2-jrw6.json
GHSA-94jp-7776-qj6q,CVE-2026-55617,2026-06-18,npm,hydrooj,CWE-613,MODERATE,"stale,token_after",Hydro: Insufficient session expiration when recreating sessions,adb/advisories/github-reviewed/2026/06/GHSA-94jp-7776-qj6q/GHSA-94jp-7776-qj6q.json
GHSA-8mg9-j9cf-54cj,CVE-2026-53852,2026-06-18,npm,openclaw,CWE-636,LOW,revoke,OpenClaw: Empty-scope device re-pairing could confuse caller scope containment,adb/advisories/github-reviewed/2026/06/GHSA-8mg9-j9cf-54cj/GHSA-8mg9-j9cf-54cj.json
GHSA-q99w-vh6v-q3v7,CVE-2026-53843,2026-06-18,npm,openclaw,"CWE-284,CWE-863",HIGH,"revoke,stale",OpenClaw: Pairing-scoped device session could restore revoked node token authority,adb/advisories/github-reviewed/2026/06/GHSA-q99w-vh6v-q3v7/GHSA-q99w-vh6v-q3v7.json
GHSA-6x8v-2fq5-2229,CVE-2026-55670,2026-06-18,Go,github.com/zitadel/zitadel,"CWE-284,CWE-639",LOW,deactivated_user, ZITADEL: Cross-Tenant User Leakage via Recycled Identifiers,adb/advisories/github-reviewed/2026/06/GHSA-6x8v-2fq5-2229/GHSA-6x8v-2fq5-2229.json
GHSA-wxg7-w2v3-w38g,CVE-2026-56664,2026-06-18,Go,github.com/zitadel/zitadel,CWE-613,MODERATE,stale, ZITADEL: Missing Token Lifecyle Validation (`exp` and `iat`) in JWT IdP Provider,adb/advisories/github-reviewed/2026/06/GHSA-wxg7-w2v3-w38g/GHSA-wxg7-w2v3-w38g.json
GHSA-r427-j2h7-wv3m,CVE-2026-55226,2026-06-18,Maven,io.strimzi:strimzi,"CWE-269,CWE-272",MODERATE,retain_access,Strimzi: Unrestricted access to all Secrets within namespace watched by the Topic operator,adb/advisories/github-reviewed/2026/06/GHSA-r427-j2h7-wv3m/GHSA-r427-j2h7-wv3m.json
GHSA-pr7r-676h-xcf6,CVE-2026-9678,2026-06-18,npm,undici,CWE-524,MODERATE,cache_perm,undici vulnerable to cross-user information disclosure via shared cache whitespace bypass,adb/advisories/github-reviewed/2026/06/GHSA-pr7r-676h-xcf6/GHSA-pr7r-676h-xcf6.json
GHSA-97pr-9hgg-3p8r,,2026-06-19,npm,parse-server,CWE-200,LOW,no_longer,parse-server: LiveQuery discloses object data to a subscriber across an ACL read-access change,adb/advisories/github-reviewed/2026/06/GHSA-97pr-9hgg-3p8r/GHSA-97pr-9hgg-3p8r.json
GHSA-jr33-mw75-7j8f,CVE-2026-55837,2026-06-19,PyPI,dbt-mcp,"CWE-200,CWE-306,CWE-346",MODERATE,revoke,dbt MCP Server: Unauthenticated OAuth Context Endpoint Leaks dbt Platform Tokens,adb/advisories/github-reviewed/2026/06/GHSA-jr33-mw75-7j8f/GHSA-jr33-mw75-7j8f.json
GHSA-c36x-h252-g9x2,CVE-2026-55774,2026-06-19,Go,github.com/openbao/openbao,CWE-863,LOW,revoke,"OpenBao: Cross-namespace lease revocation/renewal via canonical sys/leases/{revoke,renew} — incomplete fix of CVE-2026-45808",adb/advisories/github-reviewed/2026/06/GHSA-c36x-h252-g9x2/GHSA-c36x-h252-g9x2.json
GHSA-cq9c-6w48-qmfg,CVE-2026-49229,2026-06-22,npm,@actual-app/sync-server,CWE-613,HIGH,"revoke,deactivated_user,retain_access,session_not_invalidated,stale,token_after",@actual-app/sync-server: Disabled OpenID users keep access through existing session tokens,adb/advisories/github-reviewed/2026/06/GHSA-cq9c-6w48-qmfg/GHSA-cq9c-6w48-qmfg.json
GHSA-9837-48hr-q32j,CVE-2026-46607,2026-06-22,PyPI,glances,CWE-502,HIGH,cache_perm,Glances has Insecure Pickle Deserialization in its Version Cache that Leads to Arbitrary Code Execution,adb/advisories/github-reviewed/2026/06/GHSA-9837-48hr-q32j/GHSA-9837-48hr-q32j.json
GHSA-h998-hxxj-8q83,CVE-2026-9162,2026-06-22,Go,github.com/mattermost/mattermost-server,CWE-613,MODERATE,revoke,Mattermost doesn't invalidate cached authentication state for active WebSocket connections during global session revocation,adb/advisories/github-reviewed/2026/06/GHSA-h998-hxxj-8q83/GHSA-h998-hxxj-8q83.json
GHSA-5c3f-6486-3g7g,CVE-2026-52809,2026-06-23,Go,gogs.io/gogs,"CWE-324,CWE-613",MODERATE,token_after,"Gogs's password-reset tokens use account-activation lifetime, ignoring RESET_PASSWORD_CODE_LIVES",adb/advisories/github-reviewed/2026/06/GHSA-5c3f-6486-3g7g/GHSA-5c3f-6486-3g7g.json
GHSA-6p9m-q3jp-47h4,CVE-2026-52812,2026-06-23,Go,gogs.io/gogs,"CWE-345,CWE-639,CWE-862",HIGH,revoke,Gogs: LFS dedupe path leaks private repo content across tenants,adb/advisories/github-reviewed/2026/06/GHSA-6p9m-q3jp-47h4/GHSA-6p9m-q3jp-47h4.json
GHSA-r9gp-7f88-9r54,CVE-2026-55165,2026-06-25,PyPI,lemur,CWE-347,MODERATE,revoke," Lemur: JWT verifier honors attacker-supplied alg, enabling ATO",adb/advisories/github-reviewed/2026/06/GHSA-r9gp-7f88-9r54/GHSA-r9gp-7f88-9r54.json
GHSA-92qf-fcph-v5wr,CVE-2026-48722,2026-06-25,Maven,io.nextflow:nextflow,"CWE-276,CWE-732",MODERATE,revoke,nextflow auth login command has incorrect default permissions,adb/advisories/github-reviewed/2026/06/GHSA-92qf-fcph-v5wr/GHSA-92qf-fcph-v5wr.json
GHSA-v2wp-frmc-5q3v,CVE-2026-55166,2026-06-25,PyPI,lemur,"CWE-285,CWE-639,CWE-918",CRITICAL,revoke,Lemur: ACME SSRF + creator-equality IDOR lead to AWS IAM/PKI compromise,adb/advisories/github-reviewed/2026/06/GHSA-v2wp-frmc-5q3v/GHSA-v2wp-frmc-5q3v.json
GHSA-5cgq-3rg8-m6cv,CVE-2026-42508,2026-06-25,Go,golang.org/x/crypto,CWE-295,CRITICAL,revoke,golang.org/x/crypto vulnerable to auth bypass via unenforced @revoked status,adb/advisories/github-reviewed/2026/06/GHSA-5cgq-3rg8-m6cv/GHSA-5cgq-3rg8-m6cv.json
GHSA-pjp5-fpmr-3349,CVE-2026-48529,2026-06-25,Go,github.com/github/github-mcp-server,CWE-284,MODERATE,revoke,GitHub MCP Server: Lockdown mode singleton in HTTP server causes cross-user GraphQL client confusion,adb/advisories/github-reviewed/2026/06/GHSA-pjp5-fpmr-3349/GHSA-pjp5-fpmr-3349.json
GHSA-9rc6-8cjv-rcvx,CVE-2026-53523,2026-06-26,Go,github.com/nezhahq/nezha,CWE-601,MODERATE,retain_access,Nezha Monitoring: OAuth2 Redirect URL — Host Header Injection,adb/advisories/github-reviewed/2026/06/GHSA-9rc6-8cjv-rcvx/GHSA-9rc6-8cjv-rcvx.json
GHSA-vgrc-hq28-p3xp,,2026-06-26,Go,github.com/apernet/hysteria/core/v2,"CWE-284,CWE-918",HIGH,cache_perm,Hysteria has an authenticated UDP ACL bypass that enables localhost and private-network UDP SSRF,adb/advisories/github-reviewed/2026/06/GHSA-vgrc-hq28-p3xp/GHSA-vgrc-hq28-p3xp.json
GHSA-c6v2-3ffm-vcmc,CVE-2026-49258,2026-06-26,Go,github.com/juev/nebula-mesh,"CWE-639,CWE-862",HIGH,revoke,"Nebula Mesh: Web UI lacks ownership checks, enabling cross-operator access to hosts and networks (read, block, delete)",adb/advisories/github-reviewed/2026/06/GHSA-c6v2-3ffm-vcmc/GHSA-c6v2-3ffm-vcmc.json
GHSA-7vfx-4246-jcfh,,2026-06-26,Packagist,solidinvoice/solidinvoice,"CWE-639,CWE-862",HIGH,revoke,SolidInvoice: IDOR in LiveComponent allows same-company cross-user access to API tokens and notification transport settings,adb/advisories/github-reviewed/2026/06/GHSA-7vfx-4246-jcfh/GHSA-7vfx-4246-jcfh.json
GHSA-jg62-j5h6-8mpq,CVE-2026-53522,2026-06-26,Go,github.com/nezhahq/nezha,CWE-770,MODERATE,revoke,Nezha Monitoring: Unbounded WebSocket Streams — Resource Exhaustion DoS,adb/advisories/github-reviewed/2026/06/GHSA-jg62-j5h6-8mpq/GHSA-jg62-j5h6-8mpq.json
GHSA-pxcc-8665-phx8,CVE-2026-49342,2026-06-26,RubyGems,yard,CWE-22,MODERATE,cache_perm,YARD static cache reads raw traversal paths before router sanitization,adb/advisories/github-reviewed/2026/06/GHSA-pxcc-8665-phx8/GHSA-pxcc-8665-phx8.json
GHSA-wcr3-9x4c-f5gj,,2026-06-26,Go,github.com/blnkfinance/blnk,CWE-863,HIGH,revoke,Blnk has an API key authorization bypass in owner and scope enforcement,adb/advisories/github-reviewed/2026/06/GHSA-wcr3-9x4c-f5gj/GHSA-wcr3-9x4c-f5gj.json
GHSA-wp87-mgvq-5j93,,2026-07-01,crates.io,surrealdb,"CWE-862,CWE-863",MODERATE,"revoke,stale",SurrealDB: USE NS/DB implicit creation bypasses DEFINE authorization,adb/advisories/github-reviewed/2026/07/GHSA-wp87-mgvq-5j93/GHSA-wp87-mgvq-5j93.json
GHSA-4m82-p8cx-f94j,,2026-07-01,crates.io,surrealdb,CWE-613,MODERATE,"revoke,session_not_invalidated,stale","SurrealDB: LIVE query subscriptions survive session state changes, bypassing access controls",adb/advisories/github-reviewed/2026/07/GHSA-4m82-p8cx-f94j/GHSA-4m82-p8cx-f94j.json
GHSA-vjjx-rfw4-rmfc,CVE-2026-63746,2026-07-01,crates.io,surrealdb,"CWE-200,CWE-863",MODERATE,cache_perm,SurrealDB: Graph traversal bypasses table SELECT permissions,adb/advisories/github-reviewed/2026/07/GHSA-vjjx-rfw4-rmfc/GHSA-vjjx-rfw4-rmfc.json
GHSA-6r9h-4h75-7q4x,CVE-2026-9559,2026-07-02,Packagist,mautic/core,"CWE-22,CWE-73,CWE-98",CRITICAL,revoke,Mautic vulnerable to Path Traversal via Campaign Import,adb/advisories/github-reviewed/2026/07/GHSA-6r9h-4h75-7q4x/GHSA-6r9h-4h75-7q4x.json
GHSA-4m3v-q747-pc6h,,2026-07-02,npm,openclaw,CWE-613,MODERATE,revoke,OpenClaw: Mattermost slash token revocation could lag until monitor refresh,adb/advisories/github-reviewed/2026/07/GHSA-4m3v-q747-pc6h/GHSA-4m3v-q747-pc6h.json
GHSA-f9ff-5x35-7gfw,,2026-07-02,npm,"@grackle-ai/auth,@grackle-ai/mcp,@grackle-ai/plugin-core","CWE-613,CWE-639,CWE-862",HIGH,revoke,Grackle: Fail-open authorization in the MCP tool layer lets scoped agents perform cross-task and cross-session mutations (IDOR),adb/advisories/github-reviewed/2026/07/GHSA-f9ff-5x35-7gfw/GHSA-f9ff-5x35-7gfw.json
GHSA-2jrw-c95w-h43g,CVE-2026-9808,2026-07-02,Packagist,mautic/core,CWE-863,HIGH,revoke,Mautic has an Authorization Bypass in API v2 Endpoints,adb/advisories/github-reviewed/2026/07/GHSA-2jrw-c95w-h43g/GHSA-2jrw-c95w-h43g.json
GHSA-7fqc-p256-7pwj,CVE-2026-50202,2026-07-02,NuGet,"Steeltoe.Security.Authentication.CloudFoundryBase,Steeltoe.Security.Authentication.JwtBearer,Steeltoe.Security.Authentic",CWE-668,MODERATE,"revoke,stale",Steeltoe's static JWKS cache shared across schemes and never invalidated,adb/advisories/github-reviewed/2026/07/GHSA-7fqc-p256-7pwj/GHSA-7fqc-p256-7pwj.json
GHSA-83w9-h5wv-j9xm,CVE-2026-53838,2026-07-02,npm,openclaw,CWE-367,MODERATE,revoke,OpenClaw: Node pairing reconnection could confuse approval scope state,adb/advisories/github-reviewed/2026/07/GHSA-83w9-h5wv-j9xm/GHSA-83w9-h5wv-j9xm.json
GHSA-275c-xpvc-jgfw,CVE-2026-53830,2026-07-02,npm,openclaw,CWE-613,MODERATE,revoke,OpenClaw: Slack and Zalo webhook secrets could remain active after secrets.reload,adb/advisories/github-reviewed/2026/07/GHSA-275c-xpvc-jgfw/GHSA-275c-xpvc-jgfw.json
GHSA-wqxv-w64v-5wh6,CVE-2026-55435,2026-07-06,Go,github.com/coder/coder/v2,CWE-863,MODERATE,"revoke,deactivated_user,retain_access",Suspended Coder users retain access to AI Bridge LLM proxy endpoints,adb/advisories/github-reviewed/2026/07/GHSA-wqxv-w64v-5wh6/GHSA-wqxv-w64v-5wh6.json
GHSA-2vg6-77g8-24mp,,2026-07-07,npm,"@better-auth/scim,better-auth","CWE-459,CWE-613,CWE-672",LOW,"revoke,deactivated_user,stale","Better Auth: Stale sessions persist after user deletion across admin, anonymous, and SCIM flows",adb/advisories/github-reviewed/2026/07/GHSA-2vg6-77g8-24mp/GHSA-2vg6-77g8-24mp.json
GHSA-pw9m-5jxm-xr6h,CVE-2026-53512,2026-07-07,npm,better-auth,"CWE-287,CWE-306,CWE-345,CWE-863",CRITICAL,revoke,Better Auth: OAuth refresh-token replay via missing client authentication on oidc-provider and mcp plugins,adb/advisories/github-reviewed/2026/07/GHSA-pw9m-5jxm-xr6h/GHSA-pw9m-5jxm-xr6h.json
GHSA-392p-2q2v-4372,CVE-2026-53517,2026-07-07,npm,"@better-auth/oauth-provider,better-auth","CWE-294,CWE-362,CWE-367,CWE-613",HIGH,revoke,Better Auth: OAuth refresh-token rotation forks the token family on concurrent redemption,adb/advisories/github-reviewed/2026/07/GHSA-392p-2q2v-4372/GHSA-392p-2q2v-4372.json
GHSA-f66q-9rf6-8795,,2026-07-07,PyPI,Flask-Security-Too,"CWE-287,CWE-863",MODERATE,stale,Flask-Security-Too: WebAuthn reauthentication freshness bypass via cross-user assertion,adb/advisories/github-reviewed/2026/07/GHSA-f66q-9rf6-8795/GHSA-f66q-9rf6-8795.json
GHSA-2pg6-44cx-c49v,CVE-2026-48861,2026-07-09,Hex,mint,CWE-93,LOW,cache_perm,mint has potential CRLF injection in its HTTP request line via unvalidated `method`/`target`,adb/advisories/github-reviewed/2026/07/GHSA-2pg6-44cx-c49v/GHSA-2pg6-44cx-c49v.json
GHSA-339v-266x-79xr,CVE-2026-53602,2026-07-09,Go,github.com/forgekeep/nebula-mesh,"CWE-613,CWE-862",MODERATE,"revoke,session_not_invalidated",nebula-mesh: Host revocation is not durable - blocked/offboarded hosts can regain a valid certificate,adb/advisories/github-reviewed/2026/07/GHSA-339v-266x-79xr/GHSA-339v-266x-79xr.json
GHSA-8f6j-263m-g72x,,2026-07-13,PyPI,app-store-server-library,"CWE-295,CWE-299",MODERATE,revoke,Apple App Store Server Python Library: SignedDataVerifier accepts stale OCSP GOOD responses and can bypass certificate revocation checks,adb/advisories/github-reviewed/2026/07/GHSA-8f6j-263m-g72x/GHSA-8f6j-263m-g72x.json
GHSA-c6w6-57jj-62vh,CVE-2026-52822,2026-07-14,Packagist,kimai/kimai,"CWE-285,CWE-862",MODERATE,revoke,Improper Authorization in Kimai Timesheet Restart and Duplicate Allows New Timesheets After Project Access Revocation,adb/advisories/github-reviewed/2026/07/GHSA-c6w6-57jj-62vh/GHSA-c6w6-57jj-62vh.json
GHSA-cm26-5974-52h8,CVE-2026-61699,2026-07-14,Go,github.com/forgekeep/nebula-mesh,"CWE-299,CWE-672",HIGH,revoke,nebula-mesh: Certificate revocation is never enforced at the mesh,adb/advisories/github-reviewed/2026/07/GHSA-cm26-5974-52h8/GHSA-cm26-5974-52h8.json
GHSA-vvp9-h8p2-xwfc,CVE-2025-61670,2026-07-14,"PyPI,crates.io","wasmtime-bin,wasmtime-c-api-impl",CWE-772,LOW,no_longer,Wasmtime: Memory leak in C API with `externref` and `anyref` types,adb/advisories/github-reviewed/2026/07/GHSA-vvp9-h8p2-xwfc/GHSA-vvp9-h8p2-xwfc.json
GHSA-wjhr-76vg-2hvc,CVE-2026-54447,2026-07-15,PyPI,garminconnect,CWE-732,HIGH,revoke,garminconnect Has Insecure Permission Assignment for Garmin OAuth Token Store,adb/advisories/github-reviewed/2026/07/GHSA-wjhr-76vg-2hvc/GHSA-wjhr-76vg-2hvc.json
GHSA-9h85-g7w3-rh49,CVE-2026-54497,2026-07-15,RubyGems,view_component,"CWE-362,CWE-488,CWE-668",MODERATE,"stale,cache_perm",ViewComponent: Reused Component Instances Retain Stale Render Context,adb/advisories/github-reviewed/2026/07/GHSA-9h85-g7w3-rh49/GHSA-9h85-g7w3-rh49.json
GHSA-c6w9-5g5j-jh2p,CVE-2026-61836,2026-07-20,npm,directus,"CWE-524,CWE-639",HIGH,cache_perm,Directus: Authorization-dependent response served from unsegmented cache key,adb/advisories/github-reviewed/2026/07/GHSA-c6w9-5g5j-jh2p/GHSA-c6w9-5g5j-jh2p.json
GHSA-gjfg-22fp-rrxx,CVE-2026-59946,2026-07-20,Packagist,composer/composer,"CWE-22,CWE-732",MODERATE,role_change,Composer: Path traversal in package bin field lets dependencies chmod arbitrary host files,adb/advisories/github-reviewed/2026/07/GHSA-gjfg-22fp-rrxx/GHSA-gjfg-22fp-rrxx.json
GHSA-649p-mmhf-85c7,CVE-2026-27775,2026-07-21,Go,code.gitea.io/gitea,CWE-863,HIGH,cache_perm,Gitea: Cached Per-Branch Permission Check in Pre-Receive Hook Allows Full Repository Write,adb/advisories/github-reviewed/2026/07/GHSA-649p-mmhf-85c7/GHSA-649p-mmhf-85c7.json
GHSA-66m4-5jjr-2rg5,CVE-2026-58440,2026-07-21,Go,gitea.dev,CWE-863,MODERATE,revoke,Gitea: Webhooks created by a collaborator keep firing after their repo access is revoked → ongoing real-time exfiltration of private repo content,adb/advisories/github-reviewed/2026/07/GHSA-66m4-5jjr-2rg5/GHSA-66m4-5jjr-2rg5.json
GHSA-qf2f-qh6p-7v89,CVE-2026-59766,2026-07-21,Go,code.gitea.io/gitea,CWE-863,MODERATE,revoke,Gitea CVE-2026-20800 sibling endpoints not covered: revoked user still reads private repo objects via `/api/v1/user/starred` and private issue titles via `/api/v1/user/times`,adb/advisories/github-reviewed/2026/07/GHSA-qf2f-qh6p-7v89/GHSA-qf2f-qh6p-7v89.json
GHSA-8p9h-49rc-qgxj,CVE-2026-58437,2026-07-21,Go,code.gitea.io/gitea,CWE-284,HIGH,revoke,Gitea: Repository Visibility Manipulation via Git Push Options,adb/advisories/github-reviewed/2026/07/GHSA-8p9h-49rc-qgxj/GHSA-8p9h-49rc-qgxj.json
GHSA-rh79-75qm-gwjr,CVE-2026-58435,2026-07-21,Go,code.gitea.io/gitea,"CWE-266,CWE-639",MODERATE,revoke,Gitea LFS Deploy-Key Privilege Escalation,adb/advisories/github-reviewed/2026/07/GHSA-rh79-75qm-gwjr/GHSA-rh79-75qm-gwjr.json
GHSA-v73x-hx65-6pf4,CVE-2026-25038,2026-07-21,Go,code.gitea.io/gitea,"CWE-200,CWE-862",HIGH,still_able,Gitea: Unauthorized Access to Labels of Private Organizations,adb/advisories/github-reviewed/2026/07/GHSA-v73x-hx65-6pf4/GHSA-v73x-hx65-6pf4.json
GHSA-rgv6-xp99-6mgj,CVE-2026-56750,2026-07-21,Go,code.gitea.io/gitea,CWE-613,CRITICAL,session_not_invalidated,Gitea Remember-Me Token Theft Not Invalidating Attacker Session,adb/advisories/github-reviewed/2026/07/GHSA-rgv6-xp99-6mgj/GHSA-rgv6-xp99-6mgj.json
GHSA-q423-49rw-g9mh,CVE-2026-58510,2026-07-21,Go,code.gitea.io/gitea,"CWE-200,CWE-281,CWE-359",MODERATE,revoke,Gitea: GHSA-8fwc-qjw5-rvgp ClearRepoWatches fix not applied to API EditRepo path — sister code path retains stale watches on public->private,adb/advisories/github-reviewed/2026/07/GHSA-q423-49rw-g9mh/GHSA-q423-49rw-g9mh.json
GHSA-wrf9-r3h7-7x5v,CVE-2026-24451,2026-07-21,Go,code.gitea.io/gitea,"CWE-200,CWE-284",HIGH,still_able,Gitea: Fork Synchronization Continues After Parent Repository Changes from Public to Private,adb/advisories/github-reviewed/2026/07/GHSA-wrf9-r3h7-7x5v/GHSA-wrf9-r3h7-7x5v.json
GHSA-j2w3-9c3r-g83q,CVE-2026-58434,2026-07-21,Go,code.gitea.io/gitea,"CWE-200,CWE-862",LOW,"revoke,no_longer,removed_access",Gitea: Private Repository Metadata Remains Accessible After Access Revocation,adb/advisories/github-reviewed/2026/07/GHSA-j2w3-9c3r-g83q/GHSA-j2w3-9c3r-g83q.json
GHSA-g9g6-qhrc-p3qc,CVE-2026-58422,2026-07-21,Go,code.gitea.io/gitea,CWE-284,HIGH,revoke,Gitea: Improper authorization on OAuth sign-in callback silently re-enables administrator-disabled accounts,adb/advisories/github-reviewed/2026/07/GHSA-g9g6-qhrc-p3qc/GHSA-g9g6-qhrc-p3qc.json
GHSA-vrhc-jjfc-m3m3,CVE-2026-55987,2026-07-21,Go,code.gitea.io/gitea,CWE-863,HIGH,deactivated_user,Gitea: OAuth2 sign-in reactivates an administrator-deactivated account on auth sources without refresh tokens (incomplete fix of #38009),adb/advisories/github-reviewed/2026/07/GHSA-vrhc-jjfc-m3m3/GHSA-vrhc-jjfc-m3m3.json
GHSA-44qc-pgvp-wx7v,CVE-2026-58419,2026-07-21,Go,code.gitea.io/gitea,CWE-200,HIGH,"revoke,no_longer",Gitea: Notification API leaks private issue metadata after access revocation,adb/advisories/github-reviewed/2026/07/GHSA-44qc-pgvp-wx7v/GHSA-44qc-pgvp-wx7v.json
GHSA-wc96-39fc-566f,CVE-2026-56822,2026-07-22,Maven,io.netty:netty-handler-ssl-ocsp,CWE-367,HIGH,revoke,Netty: TOCTOU in OcspServerCertificateValidator,adb/advisories/github-reviewed/2026/07/GHSA-wc96-39fc-566f/GHSA-wc96-39fc-566f.json
GHSA-272m-gcwp-mpwg,CVE-2026-56820,2026-07-22,Maven,io.netty:netty-handler-ssl-ocsp,CWE-295,HIGH,revoke,Netty: Missing CertificateID Validation in OCSP Response Allows Replay Attacks,adb/advisories/github-reviewed/2026/07/GHSA-272m-gcwp-mpwg/GHSA-272m-gcwp-mpwg.json
GHSA-g7hg-vrcf-mvmr,CVE-2026-56821,2026-07-22,Maven,io.netty:netty-handler-ssl-ocsp,CWE-299,HIGH,revoke,Netty: Out-of-date OCSP Responses Accepted by OcspServerCertificateValidator,adb/advisories/github-reviewed/2026/07/GHSA-g7hg-vrcf-mvmr/GHSA-g7hg-vrcf-mvmr.json
GHSA-rjg6-39jm-rgg4,,2026-07-24,npm,@better-auth/scim,"CWE-20,CWE-639,CWE-862",CRITICAL,"revoke,deactivated_user",@better-auth/scim: account takeover and stale access via SCIM provider-id collision,adb/advisories/github-reviewed/2026/07/GHSA-rjg6-39jm-rgg4/GHSA-rjg6-39jm-rgg4.json
GHSA-qq9h-g4jm-xgf3,,2026-07-24,npm,better-auth,"CWE-287,CWE-345",HIGH,revoke,Better Auth: Account takeover via pre-account hijacking on magic-link and email-OTP sign-in,adb/advisories/github-reviewed/2026/07/GHSA-qq9h-g4jm-xgf3/GHSA-qq9h-g4jm-xgf3.json
GHSA-mvx4-532p-xfm9,CVE-2026-59226,2026-07-24,PyPI,open-webui,"CWE-285,CWE-862,CWE-863",LOW,"revoke,deactivated_user",Open WebUI: Scheduled automations continue after pending-user deactivation and stored model ACL revocation,adb/advisories/github-reviewed/2026/07/GHSA-mvx4-532p-xfm9/GHSA-mvx4-532p-xfm9.json
GHSA-3wp3-xxj9-5jqq,CVE-2026-59213,2026-07-24,PyPI,open-webui,CWE-524,LOW,cache_perm,Open WebUI: Cross-user model-list exposure via static cache key in get_all_models (aiocache key= vs key_builder= misuse),adb/advisories/github-reviewed/2026/07/GHSA-3wp3-xxj9-5jqq/GHSA-3wp3-xxj9-5jqq.json
GHSA-8r7f-r8hj-r3rv,CVE-2026-55496,2026-07-24,Go,"github.com/cloudreve/Cloudreve/v3,github.com/cloudreve/Cloudreve/v4","CWE-200,CWE-359",MODERATE,deactivated_user,"Cloudreve: Information Exposure in `GET /api/v4/user/search`: `SearchActive` omits the active-status predicate, leaking inactive/banned account emails",adb/advisories/github-reviewed/2026/07/GHSA-8r7f-r8hj-r3rv/GHSA-8r7f-r8hj-r3rv.json
GHSA-gh4h-34gr-87r7,CVE-2026-73308,2026-07-24,npm,@budibase/server,CWE-200,MODERATE,even_after, Budibase: OAuth2 Token Disclosure via Automation Test Results Broadcast to Other Builders,adb/advisories/github-reviewed/2026/07/GHSA-gh4h-34gr-87r7/GHSA-gh4h-34gr-87r7.json
GHSA-xg4h-6gfc-h4m8,CVE-2026-73499,2026-07-24,Go,go.etcd.io/etcd/v3,CWE-863,HIGH,revoke,etcd: Watch API authorization bypass via open-ended range requests,adb/advisories/github-reviewed/2026/07/GHSA-xg4h-6gfc-h4m8/GHSA-xg4h-6gfc-h4m8.json
GHSA-855v-hq7w-jmjw,CVE-2026-59219,2026-07-24,PyPI,open-webui,CWE-613,HIGH,revoke,Open WebUI: Realtime endpoints accept Redis-revoked JWTs after signout/backchannel logout,adb/advisories/github-reviewed/2026/07/GHSA-855v-hq7w-jmjw/GHSA-855v-hq7w-jmjw.json
GHSA-c3jm-gv5r-9wcp,CVE-2026-62323,2026-07-24,Go,"github.com/cloudreve/Cloudreve/v3,github.com/cloudreve/Cloudreve/v4",CWE-863,MODERATE,cache_perm,Cloudreve WOPI view sessions can write files and WOPI access token secret is ignored,adb/advisories/github-reviewed/2026/07/GHSA-c3jm-gv5r-9wcp/GHSA-c3jm-gv5r-9wcp.json
GHSA-p279-2cqp-84jg,CVE-2026-73644,2026-07-24,Maven,org.openidentityplatform.opendj:opendj-server-legacy,"CWE-285,CWE-639",CRITICAL,revoke,OpenDJ SASL PLAIN authzid bypassing the proxy ACI scope check,adb/advisories/github-reviewed/2026/07/GHSA-p279-2cqp-84jg/GHSA-p279-2cqp-84jg.json
GHSA-w6p7-2fxx-4f44,CVE-2026-43983,2026-07-28,Go,github.com/pocket-id/pocket-id/backend,"CWE-285,CWE-613",HIGH,"revoke,removed_member,deactivated_user,token_after","Pocket ID: OIDC refresh token flow bypasses authorization revocation, account disabling, and group restrictions",adb/advisories/github-reviewed/2026/07/GHSA-w6p7-2fxx-4f44/GHSA-w6p7-2fxx-4f44.json
GHSA-52jp-gj8w-j6xh,CVE-2026-67430,2026-07-30,RubyGems,mcp,"CWE-401,CWE-770",MODERATE,session_not_invalidated,MCP Ruby SDK: Unbounded session retention in StreamableHTTPTransport allows memory exhaustion via initialize flood,adb/advisories/github-reviewed/2026/07/GHSA-52jp-gj8w-j6xh/GHSA-52jp-gj8w-j6xh.json
GHSA-pfvc-3p5h-x7h6,CVE-2026-52855,2026-07-31,Go,github.com/pterodactyl/wings,"CWE-200,CWE-522",CRITICAL,token_after,Wings exposes node configuration secrets through egg configuration-file templating,adb/advisories/github-reviewed/2026/07/GHSA-pfvc-3p5h-x7h6/GHSA-pfvc-3p5h-x7h6.json
GHSA-xrmj-5g4g-8987,,2026-07-31,npm,@dynatrace-oss/dynatrace-mcp-server,CWE-1336,MODERATE,revoke,@dynatrace-oss/dynatrace-mcp-server has a workflow template injection via create_workflow_for_notification,adb/advisories/github-reviewed/2026/07/GHSA-xrmj-5g4g-8987/GHSA-xrmj-5g4g-8987.json
GHSA-jr45-8vmc-qm54,CVE-2026-14643,2026-08-03,npm,undici,"CWE-436,CWE-524",MODERATE,cache_perm,undici vulnerable to cross-user information disclosure via whitespace around equals in Cache-Control directives,adb/advisories/github-reviewed/2026/08/GHSA-jr45-8vmc-qm54/GHSA-jr45-8vmc-qm54.json
GHSA-g423-grf7-98rv,CVE-2026-70484,2026-08-04,PyPI,open-webui,"CWE-862,CWE-863",MODERATE,revoke,Open WebUI: Users denied the image-generation permission can still generate images via chat completions,adb/advisories/github-reviewed/2026/08/GHSA-g423-grf7-98rv/GHSA-g423-grf7-98rv.json
GHSA-3vf6-64vr-3g56,CVE-2026-70483,2026-08-04,PyPI,open-webui,CWE-862,LOW,revoke,Open WebUI: Any authenticated user can cancel another user's chat generation via the chat delete endpoint,adb/advisories/github-reviewed/2026/08/GHSA-3vf6-64vr-3g56/GHSA-3vf6-64vr-3g56.json
GHSA-7mpp-r37j-x5wh,CVE-2026-70594,2026-08-04,npm,ghost,CWE-384,MODERATE,session_not_invalidated,Ghost: Session Fixation in Ghost Admin,adb/advisories/github-reviewed/2026/08/GHSA-7mpp-r37j-x5wh/GHSA-7mpp-r37j-x5wh.json
GHSA-5gpj-vj23-vhhv,CVE-2026-70490,2026-08-04,PyPI,open-webui,CWE-863,MODERATE,"revoke,deactivated_user,token_after",Open WebUI: Unapproved accounts can open terminal sessions via a WebSocket auth path missing the role check,adb/advisories/github-reviewed/2026/08/GHSA-5gpj-vj23-vhhv/GHSA-5gpj-vj23-vhhv.json
GHSA-wm8w-6qjm-cv43,CVE-2026-71316,2026-08-05,npm,nuxt,"CWE-524,CWE-862",HIGH,cache_perm,Nuxt runtime payload cache discloses another user's SSR data across users and to unauthenticated clients,adb/advisories/github-reviewed/2026/08/GHSA-wm8w-6qjm-cv43/GHSA-wm8w-6qjm-cv43.json
GHSA-h47f-gmjp-m7rr,CVE-2026-52776,2026-08-12,PyPI,compliance-trestle,"CWE-184,CWE-918",HIGH,cache_perm,compliance-trestle has an URLSecurityValidator SSRF allowlist bypass via IPv4-mapped IPv6 and 0.0.0.0,adb/advisories/github-reviewed/2026/08/GHSA-h47f-gmjp-m7rr/GHSA-h47f-gmjp-m7rr.json
GHSA-29rf-f4vv-pvq6,CVE-2026-35511,2026-08-14,Go,github.com/authorizerdev/authorizer,CWE-287,HIGH,"revoke,even_after",Authorizer: Zero-click account takeover via OAuth identity linking to unverified email accounts,adb/advisories/github-reviewed/2026/08/GHSA-29rf-f4vv-pvq6/GHSA-29rf-f4vv-pvq6.json
GHSA-8c42-7qj2-3j46,CVE-2026-59903,2026-08-17,Maven,io.netty:netty-codec-http,CWE-524,MODERATE,cache_perm,Netty Vulnerable to Cache Poisoning and Information Disclosure via CORS Vary Header Overwrite,adb/advisories/github-reviewed/2026/08/GHSA-8c42-7qj2-3j46/GHSA-8c42-7qj2-3j46.json
GHSA-j6gc-4893-qwmp,CVE-2026-64865,2026-08-17,Go,github.com/QuantumNous/new-api,CWE-362,MODERATE,stale,New API: Redis user quota cache overwrite via PUT /api/user/self allows quota bypass,adb/advisories/github-reviewed/2026/08/GHSA-j6gc-4893-qwmp/GHSA-j6gc-4893-qwmp.json
GHSA-f3qq-49m6-rw8f,CVE-2026-70667,2026-08-18,PyPI,lemur,"CWE-367,CWE-918",MODERATE,revoke,Lemur: SSRF protection in certificate revocation checking bypassable via HTTP redirects and DNS rebinding (incomplete fix for GHSA-54vg-pfh7-jq95),adb/advisories/github-reviewed/2026/08/GHSA-f3qq-49m6-rw8f/GHSA-f3qq-49m6-rw8f.json
GHSA-cfh6-pv5c-38jv,CVE-2026-71308,2026-08-18,PyPI,lemur,"CWE-639,CWE-862",HIGH,revoke,Lemur: Unchecked `replaces[]` lets any user silence notifications and hijack auto-rotation for arbitrary certificates,adb/advisories/github-reviewed/2026/08/GHSA-cfh6-pv5c-38jv/GHSA-cfh6-pv5c-38jv.json
GHSA-pxmc-2ffp-8j67,CVE-2026-71417,2026-08-18,PyPI,lemur,CWE-639,HIGH,revoke,Lemur: Any user can revoke arbitrary certificates at the CA by uploading a duplicate record and revoking it,adb/advisories/github-reviewed/2026/08/GHSA-pxmc-2ffp-8j67/GHSA-pxmc-2ffp-8j67.json
GHSA-xpmj-wjcp-6pww,CVE-2026-70666,2026-08-18,PyPI,lemur,CWE-918,HIGH,revoke,Lemur: Server-Side Request Forgery via the ACME client following server-controlled URLs,adb/advisories/github-reviewed/2026/08/GHSA-xpmj-wjcp-6pww/GHSA-xpmj-wjcp-6pww.json
GHSA-8mq9-5fw2-5rm4,CVE-2026-59992,2026-08-19,npm,"next-tinacms-azure,next-tinacms-cloudinary,next-tinacms-dos,next-tinacms-s3","CWE-639,CWE-862",MODERATE,revoke,Tina: Broken Access Control: arbitrary bucket-key write/delete in `next-tinacms-s3` (and sibling production media adapters),adb/advisories/github-reviewed/2026/08/GHSA-8mq9-5fw2-5rm4/GHSA-8mq9-5fw2-5rm4.json
GHSA-p77j-g7h5-r2vw,,2026-08-19,PyPI,geolens,"CWE-1021,CWE-1392,CWE-200,CWE-285,CWE-400,CWE-524,CWE-532,CWE-918,CWE-93",HIGH,cache_perm,GeoLens's authorization and cache-scope flaws disclose private dataset data and metadata to unauthorized users (fixed in 1.2.4),adb/advisories/github-reviewed/2026/08/GHSA-p77j-g7h5-r2vw/GHSA-p77j-g7h5-r2vw.json
GHSA-wppf-h75h-6pm6,CVE-2026-54689,2026-08-19,npm,mcp-searxng,"CWE-200,CWE-918",MODERATE,still_able,SearXNG MCP Server: Additional hardened-mode SSRF bypasses,adb/advisories/github-reviewed/2026/08/GHSA-wppf-h75h-6pm6/GHSA-wppf-h75h-6pm6.json
GHSA-6f2p-296r-cc28,CVE-2026-54168,2026-08-20,Go,github.com/openshift-pipelines/pipelines-as-code,"CWE-269,CWE-862",MODERATE,retain_access,Tekton Pipelines-as-Code: Unscoped GitHub App installation token allows unauthorized access to private repositories via remote task resolution,adb/advisories/github-reviewed/2026/08/GHSA-6f2p-296r-cc28/GHSA-6f2p-296r-cc28.json
GHSA-fm29-4mq3-phg6,,2026-08-20,Packagist,winter/wn-backend-module,"CWE-862,CWE-863",HIGH,still_able,Winter: ImportExportController AJAX handlers bypass granular import/export permission gate,adb/advisories/github-reviewed/2026/08/GHSA-fm29-4mq3-phg6/GHSA-fm29-4mq3-phg6.json
GHSA-xpv2-hrfc-hw62,CVE-2026-54175,2026-08-20,Packagist,backpack/crud,CWE-620,HIGH,"retain_access,even_after",Laravel Backpack CRUD: Unverified password change in MyAccountController via mass assignment,adb/advisories/github-reviewed/2026/08/GHSA-xpv2-hrfc-hw62/GHSA-xpv2-hrfc-hw62.json
GHSA-9fw9-8c49-qch8,CVE-2026-54176,2026-08-20,Packagist,backpack/crud,"CWE-287,CWE-620",MODERATE,revoke,Laravel Backpack CRUD: MyAccountController allows changing the login email without a current-password check,adb/advisories/github-reviewed/2026/08/GHSA-9fw9-8c49-qch8/GHSA-9fw9-8c49-qch8.json
GHSA-vx2m-jpxr-xv7w,,2026-08-24,Go,github.com/cloudreve/Cloudreve/v4,CWE-863,MODERATE,"revoke,cache_perm",Cloudreve has Broken Access Control - Revoked Share Access Still Allows Signed File URL Generation via Cached context_hint,adb/advisories/github-reviewed/2026/08/GHSA-vx2m-jpxr-xv7w/GHSA-vx2m-jpxr-xv7w.json
GHSA-fmgp-q6jx-gg3x,CVE-2026-55108,2026-08-28,Go,github.com/oam-dev/kubevela,"CWE-400,CWE-59",HIGH,stale,KubeVela Terraform remote loader DoS via unbounded file read,adb/advisories/github-reviewed/2026/08/GHSA-fmgp-q6jx-gg3x/GHSA-fmgp-q6jx-gg3x.json
GHSA-2gh4-jmwq-rr8w,CVE-2026-55485,2026-08-28,PyPI,piccolo-admin,"CWE-200,CWE-269,CWE-863",HIGH,revoke,piccolo-admin has a privilege escalation issue - admin to superuser via session-token disclosure in GET /api/tables/sessions/.,adb/advisories/github-reviewed/2026/08/GHSA-2gh4-jmwq-rr8w/GHSA-2gh4-jmwq-rr8w.json
GHSA-j769-9gv9-65gr,CVE-2026-55867,2026-08-28,Maven,org.graylog2:graylog2-server,CWE-639,MODERATE,revoke,Graylog token revocation endpoint allows authenticated users to delete other users’ access tokens,adb/advisories/github-reviewed/2026/08/GHSA-j769-9gv9-65gr/GHSA-j769-9gv9-65gr.json
GHSA-334q-h5g3-fpxv,CVE-2026-55784,2026-08-28,Go,github.com/free5gc/ausf,CWE-362,HIGH,still_able,free5GC AUSF authentication contexts can be overwritten by concurrent requests for the same SUPI,adb/advisories/github-reviewed/2026/08/GHSA-334q-h5g3-fpxv/GHSA-334q-h5g3-fpxv.json
GHSA-65cv-w493-7vhq,CVE-2026-82394,2026-09-02,Packagist,sulu/sulu,"CWE-862,CWE-863",MODERATE,revoke,Sulu: Fix authorization bypass when creating preview links,adb/advisories/github-reviewed/2026/09/GHSA-65cv-w493-7vhq/GHSA-65cv-w493-7vhq.json
GHSA-34fj-mwm6-fjfg,CVE-2026-72794,2026-09-04,Go,github.com/siyuan-note/siyuan/kernel,CWE-522,HIGH,session_not_invalidated,SiYuan: The session-cookie signing key (Conf.CookieKey) is returned to anonymous readers by /api/system/getConf,adb/advisories/github-reviewed/2026/09/GHSA-34fj-mwm6-fjfg/GHSA-34fj-mwm6-fjfg.json
GHSA-h4v5-crx2-3cv4,CVE-2026-72793,2026-09-04,Go,github.com/siyuan-note/siyuan/kernel,CWE-522,HIGH,session_not_invalidated,"SiYuan: Non-administrator responses from /api/system/getConf omit three secrets that the configuration-export path explicitly strips, disclosing the session-cookie signing key and the OS username to a",adb/advisories/github-reviewed/2026/09/GHSA-h4v5-crx2-3cv4/GHSA-h4v5-crx2-3cv4.json
GHSA-pf96-p4fj-6566,CVE-2026-84380,2026-09-08,PyPI,httpx2,CWE-444,MODERATE,cache_perm,HTTPX2: Conflicting Content-Length and Transfer-Encoding headers can be auto-generated,adb/advisories/github-reviewed/2026/09/GHSA-pf96-p4fj-6566/GHSA-pf96-p4fj-6566.json
GHSA-wjwr-xfp9-r66p,CVE-2026-87014,2026-09-10,PyPI,open-webui,"CWE-613,CWE-863",MODERATE,"revoke,stale,cache_perm",Open WebUI: Admin demoted through SSO role sync keeps read and write access to all users' notes,adb/advisories/github-reviewed/2026/09/GHSA-wjwr-xfp9-r66p/GHSA-wjwr-xfp9-r66p.json
GHSA-cqr2-h44g-v75v,CVE-2026-86085,2026-09-10,npm,n8n,CWE-862,MODERATE,revoke,n8n: Cross-Tenant Project-Member PII Disclosure via Missing Per-Project Scope Check on Role Assignment Endpoints,adb/advisories/github-reviewed/2026/09/GHSA-cqr2-h44g-v75v/GHSA-cqr2-h44g-v75v.json
GHSA-cw9w-vv67-hf73,CVE-2026-86073,2026-09-10,npm,n8n,CWE-863,MODERATE,revoke,n8n: Per-Resource OAuth Consent Bypass via Unbound Refresh Token Resource Substitution,adb/advisories/github-reviewed/2026/09/GHSA-cw9w-vv67-hf73/GHSA-cw9w-vv67-hf73.json
GHSA-34ff-336r-5q23,CVE-2026-86082,2026-09-10,npm,n8n,CWE-918,HIGH,revoke,n8n: Domain-Restriction Bypass via Unguarded Model-Search Endpoint in OpenAI Chat Model Node,adb/advisories/github-reviewed/2026/09/GHSA-34ff-336r-5q23/GHSA-34ff-336r-5q23.json
GHSA-v39v-59xw-j98g,CVE-2026-87012,2026-09-10,PyPI,open-webui,"CWE-1287,CWE-754",MODERATE,role_change,Open WebUI: Any authenticated user can suppress calendar alerts instance-wide via a non-numeric alert value,adb/advisories/github-reviewed/2026/09/GHSA-v39v-59xw-j98g/GHSA-v39v-59xw-j98g.json
GHSA-pq6c-vh67-xpm3,CVE-2026-86993,2026-09-10,npm,n8n,CWE-862,MODERATE,revoke,n8n: Log Streaming Event Destinations Decrypt Generic-Auth Credentials Without Ownership Check,adb/advisories/github-reviewed/2026/09/GHSA-pq6c-vh67-xpm3/GHSA-pq6c-vh67-xpm3.json
GHSA-wvm9-9g5j-623f,CVE-2026-88006,2026-09-10,PyPI,open-webui,CWE-863,MODERATE,revoke,Open WebUI: Users denied by the OAuth role policy can still sign in via token exchange,adb/advisories/github-reviewed/2026/09/GHSA-wvm9-9g5j-623f/GHSA-wvm9-9g5j-623f.json
GHSA-pf83-w3f9-8m37,CVE-2026-86084,2026-09-10,npm,n8n,CWE-288,MODERATE,revoke,n8n: Disabled OIDC SSO Endpoints Remain Active and Issue Valid Sessions,adb/advisories/github-reviewed/2026/09/GHSA-pf83-w3f9-8m37/GHSA-pf83-w3f9-8m37.json
GHSA-v77h-2w3m-94hx,CVE-2026-56665,2026-09-11,Go,github.com/zitadel/zitadel,CWE-613,MODERATE,revoke,ZITADEL: Missing Token Expiration (`exp`) Validation in JWT IdP Provider,adb/advisories/github-reviewed/2026/09/GHSA-v77h-2w3m-94hx/GHSA-v77h-2w3m-94hx.json
GHSA-v859-c572-qh5p,CVE-2026-76081,2026-09-14,Go,github.com/zitadel/zitadel,CWE-193,MODERATE,"revoke,retain_access",ZITADEL: Improper Role Revocation on Granted Projects during Multiple Role Deletions,adb/advisories/github-reviewed/2026/09/GHSA-v859-c572-qh5p/GHSA-v859-c572-qh5p.json
GHSA-9998-894r-fwvr,CVE-2026-69205,2026-09-15,Maven,"org.http4s:http4s-ember-core_2.12,org.http4s:http4s-ember-core_2.13,org.http4s:http4s-ember-core_3",CWE-444,HIGH,cache_perm,Http4s Ember Transfer-Encoding value parsing (TE.CL / TE.0 request smuggling),adb/advisories/github-reviewed/2026/09/GHSA-9998-894r-fwvr/GHSA-9998-894r-fwvr.json
GHSA-9395-2g46-rj3f,,2026-09-17,PyPI,djust,"CWE-116,CWE-79",HIGH,revoke,djust: Six template-layer defects emit attacker-controlled markup unescaped (XSS),adb/advisories/github-reviewed/2026/09/GHSA-9395-2g46-rj3f/GHSA-9395-2g46-rj3f.json
GHSA-xwmw-prc4-v3cr,,2026-09-18,Go,github.com/obot-platform/obot,CWE-863,HIGH,revoke,Obot: OAuth Dynamic Client Registration Enables API Token Theft via Audience Confusion,adb/advisories/github-reviewed/2026/09/GHSA-xwmw-prc4-v3cr/GHSA-xwmw-prc4-v3cr.json
GHSA-gfw4-49f9-cp25,CVE-2026-62370,2026-09-22,Go,github.com/kubeedge/kubeedge,CWE-789,MODERATE,revoke,KubeEdge: Unbounded allocation in viaduct packer enables authenticated remote DoS against CloudHub,adb/advisories/github-reviewed/2026/09/GHSA-gfw4-49f9-cp25/GHSA-gfw4-49f9-cp25.json
GHSA-g5xv-mhgm-v5f6,CVE-2026-77250,2026-09-22,PyPI,mcp-atlassian,CWE-312,MODERATE,revoke,MCP Atlassian: OAuth fallback token storage writes plaintext access and refresh tokens with group-readable permissions,adb/advisories/github-reviewed/2026/09/GHSA-g5xv-mhgm-v5f6/GHSA-g5xv-mhgm-v5f6.json
GHSA-97cv-x867-6xhm,CVE-2026-82405,2026-09-23,Go,github.com/klever-io/klever-go,CWE-863,HIGH,cache_perm,Klever-Go Account takeover: `kleverUpdateAccountPermission` authorizes on attacker-controlled `RecipientAddr` instead of the authenticated caller,adb/advisories/github-reviewed/2026/09/GHSA-97cv-x867-6xhm/GHSA-97cv-x867-6xhm.json
